customer_id,recency,frequency,monetary,segment
1000,248,1,1228.72,0
1003,89,1,1681.96,0
1008,49,1,1546.42,3
1009,100,3,4616.63,2
1014,318,1,2423.92,0
1026,350,1,244.3,1
1028,138,1,2328.44,0
1029,155,1,357.02,1
1031,129,2,2231.42,2
1033,333,1,571.06,1
1035,137,1,325.77,1
1036,51,1,395.17,1
1038,52,1,4503.98,0
1039,15,2,1852.98,3
1040,14,2,7417.69,2
1041,121,1,1296.48,0
1042,139,3,4330.68,2
1044,73,2,1008.6199999999999,2
1047,126,1,922.92,1
1054,184,1,2322.16,0
1056,79,1,345.71,1
1058,222,2,6257.73,2
1062,94,2,5304.35,2
1065,223,1,7889.36,0
1066,142,1,3654.18,0
1067,119,1,2032.07,0
1071,132,1,1331.9,0
1076,342,1,1449.62,0
1077,89,1,1959.6,0
1078,215,1,490.0,1
1079,107,1,4252.77,0
1080,124,1,2111.96,0
1082,225,1,1601.42,0
1083,166,1,1056.76,1
1084,355,1,3648.04,0
1086,339,1,1236.24,0
1087,218,1,222.61,1
1089,212,1,2169.46,0
1090,216,1,3331.6,0
1092,166,1,2987.93,0
1095,50,2,3681.54,2
1096,136,2,4912.93,2
1099,88,1,2717.82,0
1100,141,2,788.77,2
1101,42,1,1339.45,3
1105,327,1,1244.58,0
1110,41,1,2098.22,3
1111,223,1,1839.86,0
1112,323,1,2540.56,0
1115,214,1,1763.68,0
1118,351,1,4522.5,0
1121,227,1,1894.59,0
1124,68,2,1684.02,2
1126,126,2,2051.36,2
1130,196,1,1026.78,1
1131,182,1,1150.86,1
1132,124,2,3476.2200000000003,2
1134,53,3,7061.16,2
1138,29,1,924.05,3
1145,56,1,997.25,3
1146,32,1,2950.09,3
1148,351,1,843.58,1
1150,234,1,2340.49,0
1151,64,1,673.69,1
1152,109,1,772.78,1
1153,86,1,1069.29,1
1155,115,2,4908.51,2
1158,64,1,2864.37,0
1159,288,1,5605.16,0
1160,240,1,2058.0,0
1162,336,1,1483.14,0
1163,81,1,403.7,1
1164,180,1,1126.58,1
1165,31,2,1357.8700000000001,2
1167,18,2,3059.2,2
1169,148,2,947.29,2
1172,265,1,332.26,1
1174,171,1,1507.02,0
1175,128,2,2666.8900000000003,2
1177,142,1,756.39,1
1183,263,1,5294.04,0
1184,181,2,3314.81,2
1187,26,2,9145.76,2
1188,20,3,1550.69,2
1190,39,2,1456.45,2
1193,360,1,1818.94,0
1195,2,1,1219.67,3
1196,255,2,5634.82,2
1197,26,1,4518.88,3
1198,178,1,973.3,1
1200,64,1,1897.32,0
1202,294,1,1248.59,0
1203,238,2,3619.66,2
1204,41,1,969.32,3
1206,319,1,3324.51,0
1208,179,1,1136.65,1
1209,310,1,816.6,1
1212,32,3,2666.46,2
1213,109,1,744.78,1
1214,323,1,3055.83,0
1215,53,1,1328.42,3
1218,69,2,3526.43,2
1220,209,1,1765.86,0
1222,344,1,898.63,1
1223,63,1,522.78,1
1225,128,1,268.76,1
1226,48,1,1203.09,3
1227,19,1,4039.92,3
1228,301,1,829.75,1
1229,358,1,651.56,1
1231,77,1,741.57,1
1234,224,1,377.35,1
1240,98,1,1882.12,0
1241,125,2,3617.15,2
1243,147,1,3898.5,0
1244,51,2,3078.65,2
1252,48,2,7790.94,2
1253,251,1,2191.33,0
1262,296,1,797.16,1
1264,98,1,1712.22,0
1268,15,1,1455.21,3
1269,183,1,1787.02,0
1270,99,2,3845.93,2
1271,137,1,1130.35,1
1274,273,1,2065.7,0
1275,145,2,7788.92,2
1277,294,1,414.36,1
1278,83,2,4367.72,2
1279,301,1,3180.17,0
1282,40,1,281.46,1
1283,51,1,3166.32,0
1284,153,1,6649.04,0
1285,363,1,2942.34,0
1290,44,2,1015.6500000000001,2
1291,359,1,2457.68,0
1292,289,2,3075.91,2
1295,175,1,267.34,1
1298,278,1,285.16,1
1302,42,1,821.62,3
1303,317,1,989.88,1
1304,81,1,529.27,1
1307,326,1,553.52,1
1308,320,1,566.61,1
1312,303,2,6037.98,2
1315,173,1,1937.57,0
1316,34,5,9432.31,2
1317,30,4,8119.4400000000005,2
1318,149,2,1692.53,2
1319,110,2,3602.98,2
1322,126,2,2239.44,2
1323,212,1,3132.29,0
1324,90,1,3519.68,0
1327,1,2,4069.45,3
1329,98,1,443.01,1
1331,133,1,4930.51,0
1332,271,1,3016.32,0
1334,15,5,12203.21,2
1335,10,3,3522.92,2
1336,109,1,3797.19,0
1337,230,1,783.06,1
1339,300,1,530.31,1
1343,23,1,3053.36,3
1345,164,1,256.67,1
1347,266,1,3357.67,0
1348,208,1,4789.77,0
1349,180,1,307.29,1
1350,293,3,1480.29,2
1351,89,1,4652.64,0
1352,246,2,1316.79,2
1356,106,1,2397.1,0
1357,301,1,1199.55,0
1360,139,3,3696.46,2
1361,3,3,4596.29,2
1362,330,1,3356.54,0
1363,151,2,181.93,1
1365,57,2,3247.63,2
1366,84,1,4299.17,0
1368,123,2,4747.9400000000005,2
1370,56,1,1920.92,0
1372,231,2,7627.08,2
1378,31,3,2604.1,2
1379,223,1,863.94,1
1380,157,1,700.35,1
1381,217,1,566.3,1
1382,107,2,4061.77,2
1385,346,1,3694.52,0
1386,44,2,3064.78,2
1387,67,2,1111.73,2
1388,203,1,3964.28,0
1395,218,2,2703.44,2
1397,155,1,2856.24,0
1398,364,1,663.37,1
1400,124,1,527.51,1
1403,66,2,2038.8500000000001,2
1404,32,2,1646.99,2
1405,309,1,1296.62,0
1410,214,1,162.49,1
1412,4,1,698.61,3
1418,55,1,829.86,1
1419,100,2,5203.04,2
1420,287,1,4219.62,0
1422,120,1,2685.78,0
1423,361,1,1066.1,1
1424,23,1,513.7,3
1425,276,1,518.32,1
1427,34,1,2279.68,3
1430,89,1,3753.0,0
1433,242,2,8307.94,2
1434,139,1,2580.84,0
1436,322,1,3005.46,0
1437,60,2,1919.23,2
1438,323,1,313.88,1
1440,167,1,5960.25,0
1441,277,1,503.92,1
1445,83,2,2774.91,2
1447,19,2,2317.7200000000003,3
1450,311,1,2384.76,0
1451,95,1,471.13,1
1454,50,1,2611.03,3
1455,278,1,254.85,1
1456,261,2,2899.21,2
1458,23,2,2026.27,2
1461,6,1,579.51,3
1462,53,2,1191.03,2
1463,72,1,4949.6,0
1464,291,2,1238.58,2
1466,171,1,1417.23,0
1467,137,2,1121.45,2
1471,47,1,1161.18,3
1472,259,1,220.52,1
1473,143,1,1213.67,0
1477,179,1,2809.28,0
1478,46,1,656.62,3
1479,158,1,2925.48,0
1483,22,2,4226.91,2
1484,100,2,4044.9100000000003,2
1486,246,1,2089.06,0
1487,69,1,5778.76,0
1489,131,2,730.27,2
1490,189,1,1211.39,0
1492,15,2,2307.77,3
1493,307,1,416.59,1
1496,10,2,2929.2999999999997,3
1497,214,1,5020.5,0
1498,25,1,5302.37,3
1499,1,1,131.96,3
1501,144,1,6016.54,0
1503,76,1,4151.74,0
1505,172,1,574.4,1
1506,93,4,11867.1,2
1509,12,1,963.2,3
1510,40,1,4993.48,3
1513,187,1,165.17,1
1515,15,3,1602.91,2
1517,143,1,2029.92,0
1518,8,3,6890.76,2
1521,245,1,334.46,1
1523,244,1,5576.1,0
1524,233,1,972.99,1
1527,88,1,476.82,1
1529,173,2,4588.91,2
1530,8,2,1126.92,3
1531,4,1,2598.35,3
1532,189,1,3212.5,0
1533,249,1,1858.18,0
1538,52,1,1661.69,3
1539,27,2,4421.79,2
1543,60,1,4321.89,0
1545,26,2,1395.81,3
1548,123,1,2348.55,0
1550,5,2,7921.13,3
1551,278,1,641.61,1
1555,158,1,2601.76,0
1557,348,1,1890.24,0
1560,21,1,1852.44,3
1564,188,1,1536.96,0
1566,109,1,589.15,1
1569,290,1,2879.92,0
1570,282,1,3623.82,0
1571,320,1,2562.31,0
1577,210,1,1887.37,0
1581,302,1,956.08,1
1585,299,1,4847.17,0
1589,348,1,1146.6,1
1595,102,1,253.56,1
1599,228,2,3167.7400000000002,2
1600,35,1,970.88,3
1601,135,1,1166.22,0
1604,253,1,425.65,1
1607,299,1,766.55,1
1608,79,4,8634.02,2
1612,45,1,2539.1,3
1613,83,2,2440.56,2
1615,275,1,2330.22,0
1618,33,2,1529.82,2
1620,356,1,4390.95,0
1622,214,1,1951.13,0
1624,154,2,1483.5700000000002,2
1627,140,1,1327.0,0
1629,137,1,432.01,1
1631,105,1,2336.52,0
1632,15,2,1683.5900000000001,3
1635,201,2,1696.4,2
1640,235,1,765.98,1
1641,40,1,1094.88,3
1644,191,2,1552.99,2
1645,225,1,3067.74,0
1646,250,2,5386.24,2
1647,112,2,3613.1000000000004,2
1649,237,1,1929.76,0
1657,201,2,1068.19,2
1658,102,1,1048.12,1
1659,44,1,809.91,3
1661,134,3,10152.52,2
1667,58,1,3170.98,0
1668,68,1,722.8,1
1672,248,1,807.22,1
1673,212,1,1104.84,1
1675,37,2,5207.360000000001,2
1676,213,2,3942.9700000000003,2
1681,309,1,407.71,1
1682,99,1,2536.28,0
1683,251,1,1929.0,0
1687,178,1,1318.78,0
1688,338,1,1141.31,1
1690,39,2,3004.06,2
1694,233,1,3849.17,0
1695,67,1,725.39,1
1697,334,1,1989.62,0
1698,246,2,4020.0,2
1699,203,1,1136.57,1
1702,287,2,805.1700000000001,1
1703,313,1,2702.64,0
1706,114,1,1735.8,0
1708,16,2,1565.29,3
1709,149,1,1876.09,0
1710,166,1,6703.32,0
1711,103,3,1730.48,2
1712,18,1,3794.86,3
1713,257,1,1641.2,0
1719,3,2,4606.89,3
1720,353,1,2791.04,0
1722,34,2,2146.9700000000003,2
1723,130,1,365.57,1
1728,135,1,4775.0,0
1730,15,1,681.53,3
1731,74,1,1130.1,1
1732,82,1,415.91,1
1733,364,1,688.34,1
1736,319,1,2510.82,0
1738,12,3,13800.96,2
1742,4,1,1286.8,3
1745,163,2,1012.98,2
1746,63,1,288.04,1
1747,89,3,5489.889999999999,2
1749,345,1,882.81,1
1751,38,1,1128.93,3
1756,254,1,666.3,1
1757,137,1,794.94,1
1759,85,1,922.11,1
1762,139,1,4314.87,0
1763,133,1,5219.03,0
1764,37,1,1182.76,3
1765,218,3,6114.2,2
1766,70,1,606.83,1
1767,97,1,537.62,1
1770,225,1,678.33,1
1773,72,4,4761.9400000000005,2
1777,258,1,150.84,1
1778,123,1,1006.0,1
1780,230,1,3213.85,0
1781,354,1,752.89,1
1783,34,1,958.94,3
1786,331,2,2626.37,2
1787,348,1,1424.09,0
1788,158,1,632.04,1
1789,307,1,4764.74,0
1795,27,1,527.61,3
1797,200,1,2043.63,0
1798,106,1,3230.25,0
1800,275,1,1153.65,1
1801,166,1,2547.22,0
1802,19,1,1337.24,3
1803,32,1,2206.11,3
1808,152,1,506.2,1
1811,80,2,2675.0099999999998,2
1812,313,1,1980.48,0
1814,315,2,2276.38,2
1815,136,1,1156.8,0
1819,85,1,3192.12,0
1823,187,2,2421.66,2
1825,79,2,2864.42,2
1829,13,1,1398.4,3
1830,4,2,1788.8899999999999,3
1832,16,1,1846.82,3
1834,36,2,1904.63,2
1835,363,1,177.68,1
1837,232,1,343.86,1
1839,332,1,756.53,1
1840,231,2,6283.03,2
1841,306,1,689.02,1
1842,214,2,2288.83,2
1846,262,1,2908.1,0
1851,347,1,5448.2,0
1853,49,2,3799.8199999999997,2
1854,83,2,4694.13,2
1856,278,1,1251.12,0
1861,159,2,6969.4400000000005,2
1862,328,1,787.95,1
1865,112,1,934.29,1
1867,192,1,1414.74,0
1868,186,1,550.28,1
1873,143,1,4479.51,0
1874,254,1,742.85,1
1880,3,1,7776.56,3
1881,115,1,2444.0,0
1885,191,1,773.51,1
1886,205,1,3758.12,0
1889,26,1,3985.24,3
1890,306,1,1673.45,0
1894,336,1,3616.48,0
1899,112,1,3473.2,0
1903,162,1,611.98,1
1908,278,1,619.54,1
1914,229,1,337.89,1
1915,265,1,1722.87,0
1916,95,1,211.63,1
1922,236,1,742.32,1
1923,93,1,2511.84,0
1926,52,3,3901.2299999999996,2
1927,275,1,944.91,1
1929,58,2,2165.5699999999997,2
1930,222,2,1232.25,2
1934,60,2,3780.33,2
1936,109,1,1525.02,0
1937,114,1,450.44,1
1941,227,3,4066.58,2
1943,107,2,5817.66,2
1945,355,1,740.14,1
1946,203,1,442.42,1
1947,221,1,2008.35,0
1948,117,1,3147.14,0
1950,322,1,3595.68,0
1951,26,4,5702.030000000001,2
1953,136,2,4341.24,2
1955,221,1,2123.25,0
1956,166,1,1135.6,1
1957,206,2,2259.73,2
1958,15,2,3011.63,3
1959,313,1,825.0,1
1960,91,2,7002.41,2
1963,258,1,1399.0,0
1965,2,1,1619.46,3
1966,187,1,2704.6,0
1969,116,1,3084.52,0
1971,288,1,1431.76,0
1973,260,2,10467.41,2
1974,141,2,1278.26,2
1977,61,3,6820.77,2
1979,43,1,6200.4,0
1982,104,1,1212.63,0
1985,253,1,4485.96,0
1986,230,1,723.1,1
1987,356,1,564.16,1
1990,98,1,4020.52,0
1993,95,2,756.09,2
1994,178,1,355.84,1
1995,317,1,493.96,1
1996,114,1,3338.77,0
1997,316,1,2431.34,0
2002,144,2,1472.05,2
2004,188,1,315.81,1
2008,196,2,2099.9500000000003,2
2009,191,2,4369.6,2
2013,5,2,1609.31,3
2014,5,1,232.87,3
2017,295,1,325.76,1
2020,98,1,3592.26,0
2025,81,1,407.23,1
2026,14,2,7683.26,2
2027,256,1,1507.9,0
2029,48,1,970.4,3
2030,272,1,415.02,1
2035,256,1,2652.92,0
2036,31,1,522.43,3
2037,349,1,3138.17,0
2039,142,2,1490.94,2
2041,17,2,8680.05,2
2044,271,1,843.44,1
2046,328,1,898.84,1
2048,37,1,1290.46,3
2051,259,1,507.47,1
2053,2,2,1988.96,3
2054,285,1,433.5,1
2055,11,1,213.01,3
2057,301,1,2175.32,0
2058,338,1,1955.16,0
2063,187,1,1665.32,0
2064,60,1,4722.15,0
2066,40,2,2298.8,2
2068,9,1,319.95,3
2069,82,2,2338.08,2
2072,100,2,1600.6,2
2073,75,1,3105.8,0
2074,5,2,5171.09,3
2076,292,1,2587.71,0
2077,297,1,1295.93,0
2078,128,1,482.55,1
2079,3,1,863.97,3
2081,274,1,3992.52,0
2082,219,2,6424.95,2
2089,134,1,679.29,1
2097,85,3,4193.98,2
2106,344,1,539.16,1
2107,351,1,2090.28,0
2113,258,1,1287.54,0
2114,193,1,1299.41,0
2115,39,1,1159.48,3
2116,217,1,545.1,1
2117,178,1,1873.58,0
2119,100,2,1731.77,2
2120,122,1,4068.52,0
2121,102,2,1081.49,2
2123,56,1,414.46,1
2130,269,1,1295.7,0
2131,146,1,648.46,1
2132,150,1,1207.19,0
2135,74,1,390.76,1
2136,238,1,2507.7,0
2140,336,1,3053.3,0
2141,243,1,4993.64,0
2143,75,1,1030.14,1
2144,170,1,251.92,1
2147,88,1,2638.53,0
2151,153,3,7503.79,2
2154,162,1,304.51,1
2155,280,3,5645.68,2
2156,109,2,1314.3600000000001,2
2157,287,2,1499.4299999999998,2
2163,4,2,1255.83,3
2164,78,1,2502.0,0
2165,201,1,1361.19,0
2167,38,2,667.13,3
2169,177,1,633.88,1
2170,193,2,7742.3,2
2176,207,1,563.42,1
2177,255,1,427.52,1
2179,175,1,255.85,1
2180,252,1,1217.97,0
2182,112,1,597.85,1
2183,355,1,2957.16,0
2184,264,1,1473.0,0
2185,132,1,2041.33,0
2189,182,1,3144.92,0
2191,35,1,1446.88,3
2192,135,1,1029.07,1
2193,31,2,2115.64,2
2199,11,2,4552.85,3
2200,121,2,2584.41,2
2201,311,1,2167.5,0
2202,76,2,2080.6000000000004,2
2205,267,1,694.49,1
2207,179,1,348.62,1
2210,134,1,2921.29,0
2215,137,2,4814.959999999999,2
2223,107,1,6708.92,0
2224,212,1,888.29,1
2225,173,1,864.8,1
2226,353,1,4514.0,0
2227,279,1,508.2,1
2228,291,1,1168.78,0
2229,312,1,1940.76,0
2232,319,1,490.58,1
2234,323,1,66.76,1
2236,250,1,802.98,1
2237,166,1,3555.01,0
2240,126,1,2536.47,0
2244,239,1,2059.52,0
2247,281,1,450.13,1
2255,2,2,3328.34,3
2258,144,1,617.2,1
2260,227,2,4882.51,2
2262,24,1,415.06,3
2266,128,1,641.5,1
2275,289,1,767.39,1
2277,245,1,951.32,1
2278,183,1,2229.28,0
2280,234,1,1117.05,1
2281,57,1,1506.42,3
2282,24,1,2032.3,3
2286,104,2,1859.9899999999998,2
2287,104,2,7664.75,2
2288,69,1,2882.34,0
2289,346,1,2204.36,0
2292,279,1,2318.59,0
2294,103,2,1449.48,2
2295,103,1,6400.47,0
2296,207,2,2406.66,2
2297,117,2,2106.12,2
2303,58,1,403.28,1
2307,166,1,1828.44,0
2308,183,1,1523.48,0
2312,227,1,5409.68,0
2314,47,2,2389.71,2
2319,144,1,799.92,1
2324,270,1,632.77,1
2325,102,1,5234.01,0
2327,285,1,354.06,1
2329,25,2,2434.0,2
2335,121,2,3961.23,2
2344,70,2,2970.8500000000004,2
2347,138,2,3007.0,2
2349,111,2,4454.2300000000005,2
2350,14,1,1769.0,3
2355,85,2,2391.05,2
2357,269,1,484.42,1
2359,11,3,10788.55,2
2361,95,1,1184.9,0
2363,334,1,423.72,1
2364,290,1,4331.28,0
2365,317,1,495.65,1
2367,27,1,1637.1,3
2368,220,1,793.74,1
2370,315,1,540.62,1
2375,308,1,3161.86,0
2376,123,1,1353.56,0
2378,167,2,5497.6,2
2381,25,1,869.54,3
2385,181,1,2476.74,0
2387,299,1,643.25,1
2388,39,1,1168.64,3
2390,344,1,1128.06,1
2394,166,1,2244.2,0
2395,280,1,963.64,1
2396,5,2,3426.21,3
2398,96,2,7151.139999999999,2
2399,210,1,256.94,1
2402,132,2,4831.389999999999,2
2405,177,1,1034.52,1
2406,198,1,2242.92,0
2407,105,1,242.01,1
2410,339,1,1982.73,0
2412,24,2,842.66,3
2415,359,1,2792.32,0
2417,113,3,7266.429999999999,2
2418,233,3,3150.91,2
2419,178,1,262.53,1
2421,123,2,4790.17,2
2422,43,3,2554.2200000000003,2
2423,5,2,1721.88,3
2424,42,1,3172.36,3
2425,276,1,1592.51,0
2429,196,1,3957.48,0
2430,141,1,641.88,1
2431,168,2,2341.2799999999997,2
2435,17,2,5916.63,2
2436,95,1,1363.24,0
2438,127,1,4495.8,0
2440,306,1,1616.89,0
2443,44,2,1095.1399999999999,2
2446,303,1,6305.0,0
2448,111,1,3704.66,0
2451,181,2,4754.38,2
2453,217,2,8017.26,2
2455,249,1,2008.08,0
2458,90,1,1843.14,0
2459,40,1,1398.81,3
2460,309,1,634.56,1
2461,256,1,3136.9,0
2462,307,2,3195.4700000000003,2
2465,55,2,1060.6599999999999,2
2466,317,1,1050.38,1
2469,151,2,2834.2,2
2472,96,1,2631.31,0
2474,227,1,2877.06,0
2476,323,1,1014.83,1
2478,60,1,619.42,1
2484,94,1,442.98,1
2486,10,1,986.19,3
2487,286,1,3466.22,0
2488,207,3,2745.75,2
2489,225,1,384.48,1
2490,358,1,1874.09,0
2491,260,1,1057.06,1
2492,330,1,1765.4,0
2494,223,1,174.93,1
2498,328,1,2589.03,0
2501,191,1,289.33,1
2503,220,1,1406.12,0
2506,241,1,5779.33,0
2507,268,1,943.81,1
2509,44,4,9080.46,2
2510,122,1,655.47,1
2511,155,1,3293.65,0
2515,61,2,2717.28,2
2517,268,2,4964.02,2
2519,73,2,1165.01,2
2522,142,1,2041.77,0
2524,307,1,544.2,1
2526,113,2,4137.12,2
2527,70,2,4376.7,2
2528,187,1,325.58,1
2532,346,1,2456.1,0
2533,251,1,3765.61,0
2534,51,1,2291.33,3
2535,41,1,800.73,3
2543,25,1,308.43,3
2546,21,1,5820.69,3
2549,161,2,4126.59,2
2551,248,2,2166.74,2
2556,302,1,4668.81,0
2557,170,1,1406.84,0
2558,13,3,7011.08,2
2559,238,1,3969.94,0
2564,354,1,3319.36,0
2567,220,1,602.4,1
2569,245,1,217.17,1
2572,227,1,1479.39,0
2573,311,1,233.0,1
2574,79,3,8379.22,2
2576,314,1,1934.76,0
2577,247,1,1496.55,0
2583,189,1,473.5,1
2584,307,1,3175.56,0
2585,20,3,10070.72,2
2586,351,1,4102.48,0
2590,192,2,1663.9,2
2591,227,1,3883.94,0
2595,355,1,822.96,1
2596,172,1,425.54,1
2597,163,1,3559.62,0
2599,341,1,2026.4,0
2600,300,1,819.53,1
2601,101,3,2820.4300000000003,2
2602,282,1,5324.58,0
2607,179,2,8590.07,2
2608,362,1,2632.28,0
2611,63,1,868.77,1
2613,71,1,2156.08,0
2615,39,1,1471.45,3
2622,132,1,236.64,1
2629,96,1,372.65,1
2631,126,1,4762.62,0
2632,21,1,631.96,3
2633,97,1,320.26,1
2636,175,1,545.95,1
2644,49,2,3809.29,2
2646,117,2,2113.0499999999997,2
2647,102,1,2839.53,0
2648,153,3,6517.379999999999,2
2649,74,1,1448.16,0
2650,130,1,752.76,1
2656,307,1,1952.0,0
2658,151,1,783.21,1
2659,230,1,3550.06,0
2663,108,2,2529.43,2
2665,130,1,2962.44,0
2666,297,1,180.92,1
2667,61,2,2895.0600000000004,2
2668,158,1,749.17,1
2669,241,1,673.05,1
2671,70,3,7731.25,2
2678,152,1,236.89,1
2680,286,2,4179.96,2
2684,19,2,3029.67,2
2688,31,4,4665.7699999999995,2
2689,63,3,3816.79,2
2690,258,1,557.97,1
2691,47,1,92.11,1
2692,212,1,223.47,1
2693,201,1,1687.28,0
2698,247,1,296.98,1
2701,286,1,3732.45,0
2703,54,1,1355.73,3
2705,363,1,5568.58,0
2707,316,1,731.68,1
2708,109,1,2952.29,0
2710,142,2,1335.5700000000002,2
2711,88,1,1368.76,0
2714,173,1,514.09,1
2716,260,1,2245.98,0
2717,45,2,3890.17,2
2721,104,1,389.03,1
2722,258,1,2545.56,0
2726,270,2,2550.6800000000003,2
2727,83,1,1124.67,1
2728,220,2,2921.7200000000003,2
2730,158,1,518.11,1
2732,73,1,435.85,1
2733,48,1,1231.76,3
2735,54,2,1635.5300000000002,2
2736,92,1,1461.58,0
2737,144,1,1798.58,0
2738,207,2,2302.67,2
2739,246,1,1943.51,0
2740,340,1,476.04,1
2742,359,1,1051.26,1
2743,147,1,765.41,1
2745,354,1,468.55,1
2746,27,1,1431.67,3
2748,314,1,592.78,1
2749,53,1,333.0,1
2751,100,2,8097.55,2
2753,315,2,3799.09,2
2754,102,1,1175.41,0
2755,334,1,1076.95,1
2756,185,2,1468.6,2
2757,27,1,3275.71,3
2758,116,1,587.9,1
2759,36,1,3785.88,3
2760,345,1,2884.8,0
2761,266,1,1030.62,1
2769,134,1,343.64,1
2770,255,2,6422.71,2
2771,64,1,762.26,1
2772,20,1,2171.84,3
2780,237,2,6567.049999999999,2
2783,59,4,6986.240000000001,2
2786,237,1,1198.02,0
2787,202,1,1560.73,0
2788,196,1,707.16,1
2790,139,1,108.44,1
2793,27,1,331.95,3
2794,244,1,4580.96,0
2796,178,1,3518.39,0
2797,184,1,1169.0,0
2798,168,2,4643.15,2
2799,91,3,6504.94,2
2801,118,2,1282.23,2
2802,68,1,2972.79,0
2804,246,1,2572.61,0
2810,183,2,3787.02,2
2811,136,1,2227.05,0
2812,96,1,1791.55,0
2813,325,1,609.45,1
2814,79,2,6410.81,2
2816,69,1,2391.37,0
2817,20,1,1364.4,3
2818,64,2,6011.61,2
2819,56,1,427.93,1
2821,32,3,8288.779999999999,2
2824,85,3,7341.73,2
2829,29,1,643.17,3
2831,217,1,805.68,1
2832,327,1,4980.84,0
2833,343,1,2638.71,0
2835,269,1,941.6,1
2838,40,1,2397.51,3
2840,125,1,1597.05,0
2841,220,1,3929.76,0
2842,57,2,3089.34,2
2845,5,1,1238.5,3
2847,354,1,4613.8,0
2848,129,1,2121.01,0
2855,355,1,2712.04,0
2858,186,1,3152.38,0
2859,76,1,4138.96,0
2863,287,1,924.69,1
2865,319,1,146.24,1
2867,161,1,847.85,1
2869,276,1,454.2,1
2871,239,2,4114.53,2
2875,352,1,930.17,1
2882,290,1,763.25,1
2883,144,1,478.52,1
2884,154,1,617.88,1
2886,146,1,1603.0,0
2887,201,1,1927.85,0
2888,359,1,1966.66,0
2889,201,2,4884.33,2
2891,323,1,1406.27,0
2892,280,1,342.8,1
2894,317,1,2382.92,0
2896,139,1,3365.4,0
2897,202,1,823.77,1
2903,140,1,1175.54,0
2905,324,1,1739.54,0
2908,206,1,3074.4,0
2909,212,1,1826.85,0
2913,190,2,1228.38,2
2914,122,1,461.23,1
2916,267,2,4901.32,2
2919,109,2,1208.96,2
2920,40,1,391.61,1
2924,31,1,907.07,3
2928,100,2,372.48,1
2930,250,1,2868.06,0
2931,118,1,4104.24,0
2932,51,1,790.8,3
2933,4,1,255.36,3
2934,276,1,873.0,1
2935,239,1,2615.72,0
2936,141,3,3655.1000000000004,2
2938,259,1,1864.33,0
2939,15,5,10970.79,2
2940,121,1,262.75,1
2941,132,1,1301.2,0
2944,133,1,629.29,1
2949,147,2,3033.5,2
2950,245,1,7273.84,0
2952,342,1,251.28,1
2955,36,2,5796.3,2
2957,365,1,584.86,1
2960,286,1,1527.31,0
2962,237,1,2069.36,0
2964,231,1,1198.49,0
2967,35,1,821.97,3
2970,291,1,3120.36,0
2971,19,1,2426.64,3
2972,26,1,363.71,3
2973,8,3,5777.7,2
2974,78,1,890.53,1
2976,178,1,1399.04,0
2977,160,1,2622.92,0
2978,138,1,395.35,1
2980,139,2,2601.2,2
2986,307,1,569.71,1
2988,278,2,537.24,1
2990,337,1,299.85,1
2992,7,2,1485.57,3
2993,249,1,934.68,1
2994,138,3,12989.279999999999,2
2995,170,1,736.83,1
3000,189,2,2312.56,2
3002,32,1,1464.6,3
3005,151,1,720.4,1
3009,172,1,1952.78,0
3013,237,1,180.62,1
3015,12,2,3544.8,3
3019,287,1,805.68,1
3020,190,1,707.3,1
3021,105,2,3663.0899999999997,2
3022,335,1,3718.5,0
3024,166,2,2757.8900000000003,2
3027,169,1,1859.91,0
3029,206,1,3623.36,0
3030,353,1,836.96,1
3036,13,2,3871.66,3
3038,31,1,1149.52,3
3045,15,1,1281.66,3
3046,15,1,1960.17,3
3048,211,1,354.54,1
3049,152,2,2610.6,2
3052,180,3,6955.42,2
3057,111,1,2733.19,0
3059,354,1,913.98,1
3061,344,1,3134.76,0
3065,167,1,1164.46,0
3067,280,1,1071.75,1
3068,133,1,887.56,1
3069,52,1,676.4,1
3071,162,1,1649.41,0
3072,51,2,4101.24,2
3073,197,1,4979.55,0
3077,265,1,2031.59,0
3078,114,1,224.83,1
3079,171,1,3527.74,0
3081,272,1,1658.87,0
3087,160,2,967.83,2
3088,344,1,246.29,1
3090,64,1,734.66,1
3092,129,2,7062.030000000001,2
3094,68,1,2375.11,0
3101,339,1,1956.67,0
3105,163,1,821.18,1
3106,93,1,2749.36,0
3107,193,1,1754.48,0
3111,193,1,169.29,1
3113,266,1,1879.1,0
3116,314,2,2318.0699999999997,2
3117,50,1,1065.5,3
3118,211,2,2332.74,2
3119,118,2,4961.79,2
3121,31,2,4383.87,2
3122,198,1,2434.09,0
3123,192,1,403.01,1
3124,98,1,240.26,1
3126,157,1,724.99,1
3128,238,3,2478.08,2
3129,65,1,2074.68,0
3131,34,1,881.86,3
3133,82,1,1733.53,0
3134,120,1,604.0,1
3135,26,2,1976.2,2
3137,220,1,3071.68,0
3139,326,1,2161.92,0
3140,19,2,3433.88,2
3141,342,1,893.18,1
3142,188,2,965.03,2
3144,194,1,2964.06,0
3145,253,1,2348.29,0
3150,175,1,351.11,1
3151,220,1,3652.0,0
3155,2,1,257.28,3
3160,337,1,825.21,1
3162,168,2,5189.4400000000005,2
3166,288,1,165.26,1
3170,6,1,1152.64,3
3173,350,1,1159.81,1
3176,57,1,1004.96,3
3180,230,1,119.71,1
3182,217,1,1050.62,1
3183,145,1,401.2,1
3184,126,1,1203.93,0
3188,48,2,2043.6399999999999,2
3189,185,1,653.14,1
3191,82,2,4114.66,2
3192,22,2,3772.46,2
3193,281,2,6477.18,2
3196,162,1,796.46,1
3197,94,1,2187.33,0
3199,365,1,113.04,1
3200,68,3,4233.42,2
3202,165,1,1859.47,0
3203,213,1,438.66,1
3204,191,1,3017.0,0
3205,192,1,2309.84,0
3206,65,1,2005.05,0
3207,235,2,7242.75,2
3211,345,1,5794.96,0
3213,183,2,3030.91,2
3214,215,1,634.7,1
3216,304,1,2933.06,0
3218,306,1,4502.4,0
3221,307,2,3051.3599999999997,2
3222,167,1,2717.68,0
3225,40,3,4888.14,2
3228,104,1,1034.3,1
3229,236,1,2260.08,0
3237,308,1,1911.91,0
3238,319,1,3150.44,0
3239,344,1,3147.62,0
3240,39,2,5949.87,2
3241,177,1,1005.99,1
3243,154,1,993.0,1
3244,202,1,1171.08,0
3245,6,2,5923.93,3
3247,91,1,997.77,1
3251,248,1,1336.07,0
3252,96,2,2312.12,2
3253,197,2,1151.15,2
3258,70,1,4411.99,0
3259,107,1,533.81,1
3263,227,2,4747.86,2
3267,19,1,798.8,3
3273,349,1,423.2,1
3277,12,2,2710.45,3
3279,240,1,240.42,1
3280,244,1,386.38,1
3281,36,1,644.69,3
3282,127,1,2087.93,0
3283,45,1,4274.84,0
3284,331,1,2739.08,0
3285,355,1,1263.83,0
3287,57,1,147.91,1
3291,150,2,5370.21,2
3292,267,1,1468.34,0
3293,309,1,521.76,1
3296,81,1,625.81,1
3300,93,3,4454.7300000000005,2
3301,27,1,3925.78,3
3307,229,1,1220.33,0
3310,108,2,5221.030000000001,2
3311,35,1,685.27,3
3315,216,1,2191.24,0
3316,294,1,137.74,1
3318,343,1,3604.26,0
3320,117,1,2607.94,0
3322,20,2,1001.37,3
3326,42,3,3405.75,2
3332,259,1,1074.4,1
3333,1,1,1789.48,3
3334,195,1,59.89,1
3336,142,1,705.1,1
3338,154,1,492.48,1
3339,324,1,721.76,1
3342,103,1,5903.34,0
3343,185,1,910.42,1
3344,73,1,505.66,1
3345,192,1,600.6,1
3346,94,1,3470.25,0
3347,167,1,1242.62,0
3350,179,2,1715.62,2
3352,348,1,3358.76,0
3357,343,1,1420.48,0
3358,133,1,4474.89,0
3361,166,1,2519.24,0
3362,241,1,279.9,1
3366,17,2,2239.67,3
3368,38,1,394.78,1
3374,13,2,2421.4700000000003,3
3375,153,1,856.0,1
3376,218,1,1505.65,0
3377,353,1,6388.2,0
3381,81,2,969.0799999999999,2
3382,172,1,391.84,1
3383,108,2,5576.62,2
3384,91,1,251.7,1
3386,13,2,4699.51,2
3387,125,1,3658.96,0
3391,50,1,2749.4,0
3392,26,1,372.63,3
3393,121,1,3370.34,0
3394,181,1,196.74,1
3398,51,1,3165.84,0
3402,15,4,4704.38,2
3403,90,2,6197.36,2
3404,29,1,1355.7,3
3405,17,1,1821.53,3
3406,188,1,1057.37,1
3407,52,2,1278.8899999999999,2
3409,323,2,1790.9299999999998,2
3412,244,2,6989.15,2
3414,229,1,592.12,1
3415,322,1,961.2,1
3418,355,1,638.0,1
3419,76,2,3938.33,2
3420,254,1,2290.18,0
3422,123,1,1727.88,0
3423,202,1,207.01,1
3424,72,1,3025.64,0
3425,106,2,1945.23,2
3432,189,2,4211.07,2
3434,341,1,648.62,1
3435,362,1,1218.84,0
3436,132,2,2152.7,2
3437,27,2,3057.62,2
3438,157,3,4428.71,2
3439,313,1,920.65,1
3440,313,1,3063.96,0
3441,10,3,10079.25,2
3444,139,1,356.44,1
3448,44,1,2963.9,3
3449,35,1,1049.52,3
3452,360,1,886.34,1
3453,329,1,405.05,1
3456,24,3,2437.7,2
3457,51,1,2720.07,0
3458,45,1,3372.98,3
3460,139,1,727.54,1
3461,89,1,442.26,1
3462,79,2,3136.1400000000003,2
3465,176,1,2744.0,0
3466,154,1,4520.0,0
3467,51,1,3949.23,0
3473,2,4,4706.65,2
3474,242,1,1513.84,0
3475,236,1,257.44,1
3481,154,1,174.59,1
3482,130,1,2203.12,0
3483,244,1,3297.71,0
3486,341,1,5275.04,0
3488,164,1,2360.82,0
3493,103,1,1731.48,0
3499,219,1,250.58,1
3502,353,1,1859.06,0
3503,334,1,305.54,1
3507,12,1,2470.9,3
3508,204,1,436.31,1
3510,90,1,273.54,1
3513,7,3,1897.7,2
3514,281,1,2836.86,0
3515,278,1,2332.66,0
3520,216,1,2173.56,0
3521,188,1,516.03,1
3523,148,1,2151.97,0
3524,101,1,2757.08,0
3528,42,1,3108.08,3
3531,308,1,296.31,1
3534,24,2,4984.02,2
3535,56,2,3622.63,2
3537,285,2,3244.62,2
3539,12,1,1041.32,3
3541,283,1,1572.76,0
3543,57,3,6348.01,2
3544,62,2,1812.22,2
3545,48,1,2429.0,3
3550,350,1,6604.36,0
3551,9,2,5448.4,3
3555,21,1,3296.3,3
3558,9,2,3705.13,3
3559,267,2,5479.88,2
3560,204,1,576.52,1
3561,133,1,254.86,1
3562,158,1,3824.88,0
3565,144,1,848.64,1
3566,110,1,1955.35,0
3567,9,1,694.84,3
3571,104,1,1518.45,0
3573,126,1,2340.42,0
3575,45,1,735.45,3
3576,195,1,1079.81,1
3577,330,1,2658.4,0
3578,195,1,1727.02,0
3580,354,1,1473.45,0
3581,112,2,2547.36,2
3582,166,1,1015.69,1
3584,256,1,478.91,1
3586,201,1,3007.06,0
3590,26,1,996.11,3
3592,147,1,263.01,1
3593,227,3,3994.54,2
3594,277,1,839.79,1
3595,169,1,544.64,1
3597,21,2,2591.53,2
3598,167,1,940.04,1
3599,141,1,187.98,1
3600,164,2,1794.19,2
3605,345,1,341.07,1
3608,263,1,620.78,1
3609,94,2,3116.0299999999997,2
3613,312,2,5662.04,2
3617,119,1,2846.45,0
3619,29,2,3243.06,2
3621,268,2,6670.0,2
3622,263,1,224.89,1
3623,70,1,3065.9,0
3624,335,1,168.82,1
3626,332,1,1101.24,1
3627,82,1,4768.74,0
3629,328,1,4764.84,0
3630,19,2,9547.78,2
3632,124,1,1977.56,0
3634,75,1,317.66,1
3635,328,1,1303.14,0
3638,312,3,9572.16,2
3639,101,2,6934.1900000000005,2
3640,339,1,640.66,1
3642,152,2,3481.49,2
3645,8,2,11806.82,2
3647,237,1,1677.22,0
3649,76,1,3040.89,0
3651,170,1,317.03,1
3654,234,1,3644.12,0
3656,122,2,2618.1800000000003,2
3657,40,1,2605.69,3
3658,156,3,4867.0,2
3660,18,1,747.12,3
3661,63,1,947.05,1
3662,218,1,6559.04,0
3665,190,2,7405.12,2
3666,228,2,1620.78,2
3667,222,1,1210.41,0
3669,234,1,962.27,1
3672,159,1,559.71,1
3676,251,1,1690.0,0
3680,301,2,3406.58,2
3681,353,1,3297.92,0
3682,92,1,2922.6,0
3686,77,1,1174.43,0
3688,333,1,504.6,1
3690,263,1,5307.62,0
3691,214,2,1492.97,2
3693,140,1,3024.68,0
3697,153,1,2325.48,0
3699,79,1,318.05,1
3701,358,1,542.49,1
3705,136,1,232.75,1
3706,139,1,1081.96,1
3711,343,1,202.3,1
3713,73,1,1173.89,0
3715,37,2,5040.16,2
3716,118,1,1167.95,0
3717,277,1,701.42,1
3718,121,2,1744.21,2
3720,55,2,3747.54,2
3722,329,1,3429.88,0
3725,207,1,676.94,1
3726,140,1,6909.44,0
3727,189,1,2799.69,0
3728,132,1,254.29,1
3732,364,1,1229.92,0
3733,233,1,807.14,1
3735,237,1,110.17,1
3741,44,3,6094.389999999999,2
3742,340,1,1125.14,1
3745,140,1,896.08,1
3746,76,2,9284.9,2
3750,273,1,650.18,1
3751,60,1,2637.54,0
3752,297,2,3028.48,2
3753,11,1,569.7,3
3754,137,1,623.83,1
3761,1,2,2952.99,3
3763,61,1,915.39,1
3765,38,2,2730.73,2
3767,186,3,7697.549999999999,2
3768,57,1,2236.3,0
3769,45,2,1289.65,2
3772,39,1,674.32,3
3773,175,1,437.63,1
3774,223,1,2699.41,0
3775,110,2,4084.83,2
3777,177,2,3038.35,2
3779,360,1,2386.57,0
3783,208,1,604.38,1
3784,86,2,1658.4,2
3788,324,1,929.44,1
3790,235,1,1459.87,0
3792,168,2,3030.7200000000003,2
3793,195,3,3480.98,2
3796,328,1,2238.27,0
3798,334,1,205.98,1
3799,58,2,6810.64,2
3801,365,1,821.75,1
3802,280,1,2927.54,0
3803,142,2,3018.73,2
3804,198,1,1918.85,0
3806,112,2,3081.5,2
3812,126,2,2872.67,2
3813,355,1,744.09,1
3816,272,1,3193.45,0
3818,44,1,3395.26,3
3821,48,2,2830.43,2
3822,326,1,505.58,1
3823,72,1,2194.52,0
3824,49,3,3904.47,2
3827,49,3,6372.849999999999,2
3828,326,1,950.18,1
3829,83,1,564.28,1
3830,22,1,1358.58,3
3831,150,1,7265.12,0
3832,147,1,6699.59,0
3833,68,1,5109.3,0
3834,69,1,968.5,1
3835,122,1,3122.06,0
3839,159,1,903.92,1
3844,53,1,2859.8,0
3845,34,2,2819.12,2
3846,137,1,1652.19,0
3847,298,1,4909.18,0
3848,199,2,5083.42,2
3849,322,1,2315.04,0
3850,121,1,3675.3,0
3851,167,1,2101.57,0
3852,249,1,1110.02,1
3854,329,1,652.25,1
3857,81,1,2698.49,0
3858,199,1,1594.4,0
3860,176,1,2441.37,0
3861,138,1,470.39,1
3862,265,1,3433.82,0
3863,305,1,244.54,1
3870,171,1,6415.09,0
3872,159,1,3073.8,0
3874,46,1,1674.7,3
3876,125,1,4145.45,0
3880,352,1,461.33,1
3881,285,1,4236.88,0
3883,152,2,4394.8,2
3884,190,1,4545.56,0
3885,363,1,3134.36,0
3886,294,1,2776.48,0
3887,97,1,4259.91,0
3888,195,2,1600.38,2
3889,353,1,1150.2,1
3890,321,1,3330.18,0
3891,162,1,1779.52,0
3892,79,2,2469.43,2
3893,238,1,413.16,1
3894,231,1,4068.51,0
3897,89,2,1052.3,2
3907,262,2,2540.27,2
3908,229,1,1345.32,0
3909,293,1,3640.35,0
3910,172,2,2581.38,2
3914,153,1,4176.51,0
3915,125,1,1288.01,0
3916,227,1,2369.47,0
3918,15,1,1907.28,3
3920,129,1,1047.76,1
3921,147,1,1324.54,0
3922,261,1,1124.12,1
3923,224,1,318.92,1
3924,8,2,2837.02,3
3927,65,2,8560.12,2
3928,269,1,490.16,1
3930,116,1,1088.14,1
3931,339,1,1234.71,0
3933,47,1,1443.76,3
3934,138,3,5505.83,2
3935,122,1,6430.12,0
3936,39,2,1458.47,2
3937,212,1,464.54,1
3938,38,1,3931.06,3
3939,114,1,4369.58,0
3941,41,1,1630.36,3
3942,7,1,730.25,3
3943,98,1,1311.95,0
3944,252,1,683.05,1
3945,284,1,427.77,1
3947,172,1,543.58,1
3948,205,1,2062.9,0
3950,34,2,9031.64,2
3956,208,1,378.45,1
3961,62,1,862.45,1
3962,44,2,3816.76,2
3964,316,1,404.17,1
3966,144,2,4789.88,2
3967,210,1,680.25,1
3968,176,1,199.8,1
3970,59,1,1755.35,0
3973,59,2,1321.01,2
3975,131,1,1413.24,0
3976,278,2,6368.5599999999995,2
3978,13,1,1462.08,3
3979,96,1,1357.1,0
3980,207,2,5666.77,2
3982,278,1,2393.76,0
3985,299,1,2319.93,0
3988,47,2,4183.2,2
3989,89,2,4387.52,2
3990,11,1,911.58,3
3991,217,1,2342.56,0
3992,3,1,337.88,3
3999,236,1,2157.54,0
4003,337,1,899.28,1
4004,295,3,11708.76,2
4007,62,1,2343.08,0
4009,273,1,4003.56,0
4012,274,1,3915.48,0
4013,13,2,1972.88,3
4015,324,1,1574.48,0
4017,45,1,1952.4,3
4018,250,1,249.86,1
4019,53,3,6437.1900000000005,2
4021,336,1,52.83,1
4024,346,1,2207.74,0
4026,31,2,1639.45,2
4027,19,1,1179.36,3
4028,117,2,5048.360000000001,2
4029,261,1,1469.52,0
4034,238,1,571.17,1
4037,78,1,664.41,1
4043,49,1,2557.87,3
4049,306,1,1857.63,0
4050,78,1,556.25,1
4052,50,1,1791.86,3
4053,46,1,741.15,3
4054,76,2,1499.75,2
4056,6,1,1388.4,3
4057,43,3,1832.0,2
4059,227,2,4818.08,2
4060,168,1,1658.27,0
4061,130,1,3396.89,0
4062,290,1,1836.99,0
4065,192,1,1786.8,0
4067,244,1,3567.62,0
4070,27,1,6676.36,3
4071,74,2,2540.1,2
4072,72,1,3269.61,0
4074,151,1,1346.17,0
4077,91,1,210.68,1
4079,83,2,3955.5099999999998,2
4080,95,1,4065.77,0
4083,127,5,8232.84,2
4085,315,1,3217.4,0
4087,39,1,741.99,3
4089,115,1,5932.46,0
4090,261,1,1444.09,0
4092,168,1,3916.67,0
4094,335,1,588.27,1
4096,272,1,4301.07,0
4098,87,1,5001.84,0
4099,153,1,2414.06,0
4104,61,2,4315.97,2
4105,150,2,4288.38,2
4108,99,1,1312.99,0
4118,54,1,2096.38,0
4122,97,2,3769.7599999999998,2
4124,340,1,1192.32,0
4130,165,2,3697.2200000000003,2
4131,46,1,607.71,3
4132,296,1,1157.08,1
4136,236,2,1630.75,2
4138,24,2,2299.74,2
4139,261,1,1271.76,0
4140,350,1,3213.84,0
4143,153,1,3290.92,0
4145,69,1,1245.78,0
4146,304,1,6681.54,0
4148,149,1,1473.2,0
4150,332,1,1815.75,0
4152,30,2,8320.56,2
4153,222,1,1728.76,0
4158,286,1,596.49,1
4161,245,1,5184.08,0
4162,24,3,8425.67,2
4164,9,1,542.22,3
4165,102,1,3750.87,0
4167,18,2,868.72,3
4168,170,2,6306.76,2
4169,109,3,3673.29,2
4170,237,1,2308.1,0
4175,184,1,4287.3,0
4176,361,1,496.25,1
4177,263,1,2418.4,0
4178,18,1,1395.26,3
4179,294,2,2921.35,2
4180,141,1,1669.84,0
4184,54,1,1930.11,3
4185,360,1,5984.71,0
4187,250,2,4956.900000000001,2
4190,164,2,2516.34,2
4192,281,2,2515.1,2
4193,31,1,2965.89,3
4195,309,1,1201.96,0
4199,245,1,7250.68,0
4203,5,1,1047.03,3
4205,356,1,926.28,1
4209,303,1,1557.32,0
4210,105,1,462.73,1
4211,77,1,2203.68,0
4212,357,1,1973.96,0
4213,279,1,688.26,1
4215,215,1,3273.55,0
4218,132,2,2586.7,2
4219,334,1,868.6,1
4221,159,1,1375.28,0
4223,106,1,302.58,1
4226,71,1,3746.3,0
4227,220,1,3564.21,0
4228,324,1,977.43,1
4229,109,1,1200.71,0
4234,61,1,636.91,1
4236,30,1,3526.62,3
4237,188,1,509.78,1
4238,82,3,7986.4,2
4240,126,1,2616.22,0
4242,300,1,1817.49,0
4243,164,2,4260.97,2
4244,342,1,2282.56,0
4245,69,3,1619.72,2
4246,136,1,1663.83,0
4247,342,1,1152.74,1
4249,91,1,1963.58,0
4251,27,2,5128.53,2
4252,210,1,1997.42,0
4254,5,4,4072.35,2
4258,132,1,2097.84,0
4262,87,1,2245.91,0
4263,105,1,1729.49,0
4265,106,1,6237.02,0
4268,8,1,2126.4,3
4269,18,2,823.76,3
4270,187,1,2175.73,0
4272,183,1,1733.94,0
4273,185,1,1424.13,0
4278,77,1,1409.9,0
4283,257,2,4764.04,2
4285,335,1,1462.23,0
4290,1,1,2518.56,3
4292,287,1,650.52,1
4294,357,1,1101.18,1
4295,88,1,2481.93,0
4296,327,1,4806.65,0
4297,78,3,6885.57,2
4299,344,1,1944.66,0
4300,326,1,2458.92,0
4301,356,1,700.53,1
4304,282,1,2436.72,0
4307,269,2,2687.38,2
4309,191,1,1238.01,0
4310,245,2,5213.93,2
4311,249,1,232.62,1
4314,238,1,1841.14,0
4315,316,1,1811.52,0
4317,13,3,5285.85,2
4318,180,2,4225.06,2
4319,50,2,1502.8600000000001,2
4323,62,2,1299.37,2
4325,83,1,2445.17,0
4327,263,1,994.55,1
4330,56,3,6137.64,2
4332,131,2,2045.28,2
4333,128,2,731.19,2
4334,153,2,6667.530000000001,2
4336,276,1,5997.12,0
4337,118,2,6784.42,2
4338,146,2,1376.1299999999999,2
4339,90,1,1984.44,0
4340,141,2,2141.76,2
4341,197,1,1294.19,0
4342,41,1,2480.58,3
4349,326,1,4420.73,0
4350,246,1,3135.84,0
4351,305,1,1947.43,0
4352,171,1,2243.24,0
4355,71,1,1341.51,0
4356,184,1,844.92,1
4359,357,1,314.25,1
4360,71,3,7021.110000000001,2
4361,310,1,238.8,1
4363,139,1,1721.16,0
4364,16,2,7837.120000000001,2
4366,126,2,881.91,2
4374,287,1,613.03,1
4378,157,1,497.05,1
4379,347,1,4067.38,0
4381,310,1,2339.8,0
4387,322,1,1003.8,1
4388,224,1,1246.36,0
4390,113,2,1222.6399999999999,2
4391,39,2,3928.09,2
4392,232,3,2719.58,2
4394,135,1,980.67,1
4396,162,1,2756.07,0
4399,223,2,2117.3,2
4405,10,2,4808.39,3
4406,133,1,3534.66,0
4409,112,1,6970.42,0
4410,117,2,2222.85,2
4411,162,2,1267.95,2
4412,211,1,2063.49,0
4413,3,1,4710.4,3
4419,311,1,1521.7,0
4426,221,2,1065.17,2
4427,184,1,334.12,1
4430,282,1,1693.71,0
4431,72,3,3672.6099999999997,2
4432,29,1,1791.32,3
4433,18,3,5489.330000000001,2
4434,303,1,1345.54,0
4438,59,1,2820.69,0
4442,44,2,652.86,3
4443,65,4,6934.299999999999,2
4444,43,2,6973.95,2
4454,352,1,480.07,1
4459,124,2,6336.02,2
4464,191,1,2895.1,0
4466,123,1,770.69,1
4469,204,1,1458.63,0
4472,137,1,3625.96,0
4473,321,1,4621.36,0
4474,259,1,599.22,1
4476,2,2,1663.8899999999999,3
4477,81,1,774.38,1
4478,122,1,2363.85,0
4479,5,2,8329.7,3
4486,71,1,664.62,1
4487,321,1,521.72,1
4492,21,2,2056.43,3
4493,187,1,596.07,1
4495,305,1,3321.72,0
4496,8,1,739.44,3
4502,339,1,714.18,1
4504,154,1,173.14,1
4507,146,1,2014.81,0
4509,302,1,2263.75,0
4510,12,1,1570.05,3
4512,238,1,4512.32,0
4514,198,2,3893.09,2
4517,79,2,2295.0299999999997,2
4518,40,1,1527.33,3
4522,60,1,4767.7,0
4523,202,1,5779.32,0
4527,138,1,1290.7,0
4529,139,2,6720.13,2
4532,59,1,931.34,1
4538,63,1,863.99,1
4539,263,1,961.02,1
4542,95,3,2648.98,2
4543,32,1,800.04,3
4544,204,1,2742.6,0
4546,201,3,5091.650000000001,2
4548,180,1,1570.77,0
4554,63,2,3604.8500000000004,2
4555,298,1,4871.5,0
4561,166,1,2660.36,0
4563,257,1,639.9,1
4564,95,3,4397.78,2
4569,123,1,2062.38,0
4571,122,2,3554.92,2
4572,124,2,2226.78,2
4575,194,1,6218.53,0
4577,140,2,2289.94,2
4579,360,1,1203.75,0
4581,238,1,3190.78,0
4582,119,1,381.47,1
4584,215,1,1095.97,1
4587,292,1,3850.44,0
4589,209,1,383.64,1
4590,4,1,6133.61,3
4591,340,1,611.71,1
4595,108,2,4245.41,2
4596,211,2,6535.43,2
4597,323,1,3567.6,0
4598,129,1,1289.91,0
4599,304,1,184.9,1
4600,28,1,259.79,3
4604,314,1,305.32,1
4605,220,1,873.84,1
4608,292,1,5934.75,0
4609,265,1,1378.16,0
4610,176,1,260.97,1
4611,291,1,3040.3,0
4614,241,1,2116.93,0
4618,353,1,2309.25,0
4619,166,1,2335.77,0
4621,39,1,2842.54,3
4622,258,2,4269.92,2
4623,220,1,1094.55,1
4624,341,1,2266.72,0
4625,41,3,5667.76,2
4629,95,1,615.47,1
4631,143,4,7725.790000000001,2
4632,284,1,4713.37,0
4633,318,1,1445.38,0
4634,29,1,2452.52,3
4635,343,1,6233.48,0
4636,129,1,739.65,1
4638,1,2,1778.41,3
4639,230,1,975.59,1
4642,119,1,1548.43,0
4643,33,1,483.06,3
4647,206,1,595.87,1
4648,284,1,2733.66,0
4649,249,2,1861.74,2
4653,129,1,387.64,1
4654,176,1,921.82,1
4657,300,1,3754.47,0
4660,179,1,1366.91,0
4665,171,1,2427.4,0
4670,113,1,866.48,1
4674,107,2,898.15,2
4676,110,1,745.51,1
4677,6,1,4654.66,3
4680,211,1,205.97,1
4687,111,1,914.64,1
4688,320,2,8653.130000000001,2
4692,5,2,4754.51,3
4693,81,1,164.45,1
4694,126,1,276.81,1
4703,293,1,1713.57,0
4704,21,1,2722.9,3
4705,71,1,2530.89,0
4706,362,1,1093.93,1
4707,357,1,1013.44,1
4709,9,1,2622.78,3
4710,42,1,794.66,3
4711,16,1,244.78,3
4714,14,2,4254.76,2
4716,153,2,1149.72,2
4720,155,1,858.28,1
4721,199,2,4242.63,2
4725,124,2,6865.23,2
4726,21,1,1633.54,3
4727,326,1,998.24,1
4728,164,1,6321.76,0
4730,236,1,902.54,1
4731,259,1,1767.68,0
4732,12,1,1245.51,3
4733,358,1,2331.11,0
4735,185,1,1084.0,1
4740,44,1,1905.8,3
4741,152,1,2471.74,0
4744,49,1,1725.16,3
4745,281,1,183.36,1
4747,49,2,2332.3900000000003,2
4749,282,2,1955.46,2
4750,160,1,4305.24,0
4752,282,1,2768.64,0
4753,141,1,3126.12,0
4764,43,1,751.09,3
4766,11,2,885.63,3
4770,258,2,942.8,2
4774,90,1,786.74,1
4780,32,2,3309.3,2
4786,157,3,5536.85,2
4787,265,1,7657.8,0
4789,16,1,273.35,3
4796,290,1,735.32,1
4797,295,1,1116.86,1
4798,53,2,9076.93,2
4800,123,1,1995.76,0
4804,188,2,1535.82,2
4805,319,1,792.16,1
4809,186,1,3851.35,0
4810,165,2,1880.1,2
4811,155,1,1429.28,0
4813,116,1,3862.44,0
4814,329,1,1264.95,0
4816,235,1,6170.93,0
4818,16,4,6372.86,2
4819,41,1,1279.72,3
4820,169,1,2950.38,0
4821,96,1,1836.24,0
4822,123,2,8346.199999999999,2
4825,57,2,1490.6,2
4827,206,1,2221.98,0
4829,15,1,568.17,3
4830,277,2,1547.7,2
4832,221,2,1990.24,2
4833,6,3,3596.5999999999995,2
4836,49,2,666.77,2
4841,13,2,2304.5699999999997,3
4842,16,1,676.41,3
4846,140,2,4914.88,2
4847,293,1,4287.6,0
4850,248,1,1923.75,0
4851,154,2,2957.42,2
4852,47,1,1511.68,3
4853,26,1,1440.87,3
4854,348,1,1240.29,0
4856,45,1,1059.04,3
4857,72,1,5463.21,0
4858,117,1,404.22,1
4860,247,1,1047.66,1
4861,153,2,2796.2,2
4862,275,1,488.26,1
4863,139,2,4157.91,2
4864,232,2,2406.74,2
4865,168,1,1068.18,1
4866,176,2,6544.44,2
4869,152,1,2169.25,0
4870,219,1,898.68,1
4875,140,1,2180.9,0
4876,148,2,1527.08,2
4877,187,1,2775.81,0
4879,112,2,8158.59,2
4882,134,1,1967.73,0
4883,102,2,2364.35,2
4884,68,4,3392.8900000000003,2
4886,92,2,1225.46,2
4887,1,2,3840.1899999999996,3
4890,3,1,568.79,3
4891,353,1,1709.76,0
4892,315,1,1010.33,1
4896,149,1,1024.17,1
4897,308,1,551.66,1
4899,79,1,600.81,1
4900,46,2,1777.66,2
4901,261,1,3558.64,0
4903,222,2,4042.13,2
4904,177,1,1223.08,0
4906,7,2,1877.35,3
4907,248,1,1197.76,0
4908,52,3,1773.8400000000001,2
4910,9,1,1676.0,3
4912,12,2,5631.179999999999,2
4915,61,2,3262.0,2
4920,13,1,1679.13,3
4922,322,1,483.1,1
4925,191,1,484.65,1
4927,27,2,3224.07,2
4929,270,1,687.46,1
4930,49,1,2446.4,3
4933,321,1,2719.84,0
4937,299,1,3209.76,0
4938,242,1,1386.1,0
4939,21,2,6339.5,2
4940,90,1,1604.26,0
4941,69,2,1640.37,2
4943,62,1,2549.12,0
4944,11,2,1870.42,3
4949,20,2,8753.49,2
4950,21,2,5362.47,2
4952,110,1,1834.4,0
4953,17,1,3283.82,3
4956,180,1,1199.66,0
4959,84,2,7128.1900000000005,2
4960,19,2,2946.5,2
4964,242,1,772.32,1
4965,236,1,5348.71,0
4972,270,1,150.38,1
4980,238,1,1369.58,0
4981,6,1,458.07,3
4982,146,1,3112.16,0
4983,240,1,79.71,1
4984,3,2,5128.49,3
4985,251,1,1006.89,1
4986,115,2,6459.74,2
4993,227,1,3796.27,0
4995,119,1,1183.12,0
4998,112,1,1850.24,0
4999,196,1,3064.19,0
5001,23,1,1028.84,3
5004,180,2,8443.94,2
5010,113,2,4216.62,2
5012,3,1,333.74,3
5013,130,2,4122.15,2
5014,69,1,152.16,1
5015,200,1,529.96,1
5018,127,2,4148.03,2
5022,127,1,474.8,1
5026,168,2,2539.03,2
5028,42,1,2863.78,3
5030,187,1,2261.92,0
5032,20,2,5641.2699999999995,2
5033,130,1,868.47,1
5034,334,1,784.35,1
5037,5,2,1138.6,3
5038,14,2,2512.57,3
5039,292,1,5867.1,0
5045,327,1,1715.42,0
5046,131,1,3983.36,0
5047,232,1,2393.85,0
5048,218,2,3428.31,2
5050,262,1,2751.56,0
5054,180,1,335.14,1
5055,309,1,356.62,1
5056,92,1,1225.19,0
5059,91,3,3399.3100000000004,2
5060,18,1,5304.18,3
5061,143,1,1104.81,1
5064,251,1,685.66,1
5066,351,1,6746.0,0
5067,312,1,1183.0,0
5069,186,1,1020.28,1
5071,283,1,1725.08,0
5074,151,1,105.26,1
5075,305,1,1648.8,0
5079,103,2,1421.5500000000002,2
5081,227,1,2189.33,0
5082,253,2,2299.04,2
5083,309,1,286.18,1
5087,95,1,2965.56,0
5088,298,1,1046.38,1
5090,276,1,1895.4,0
5091,326,1,912.44,1
5092,179,2,5768.9,2
5093,155,1,4636.12,0
5098,170,1,757.4,1
5103,161,1,285.07,1
5105,307,1,407.7,1
5107,176,1,1424.89,0
5108,99,1,1140.74,1
5109,50,2,3145.08,2
5111,280,1,275.99,1
5113,87,1,469.93,1
5115,284,1,3400.42,0
5118,101,1,1688.7,0
5119,68,2,3172.1499999999996,2
5120,260,2,2992.91,2
5123,151,1,140.4,1
5126,217,1,4094.21,0
5127,292,1,2613.52,0
5128,357,1,2595.81,0
5132,359,1,1352.01,0
5133,172,1,586.87,1
5138,26,1,2891.82,3
5140,243,1,1418.33,0
5141,143,1,940.71,1
5143,16,2,1620.7800000000002,3
5144,134,1,879.59,1
5146,206,1,1760.28,0
5147,130,1,446.38,1
5148,163,3,6018.0599999999995,2
5151,134,1,4337.17,0
5153,311,1,1722.1,0
5161,138,1,58.43,1
5162,234,1,1248.08,0
5163,198,1,2251.19,0
5166,50,1,1061.77,3
5172,163,1,903.48,1
5174,144,2,1503.4,2
5176,36,4,15955.15,2
5179,113,1,1319.44,0
5180,164,1,3580.77,0
5183,121,1,991.8,1
5188,133,1,4880.26,0
5194,213,1,769.59,1
5199,91,1,880.7,1
5200,6,1,178.74,3
5202,79,1,861.31,1
5206,68,1,4256.56,0
5211,359,1,4036.14,0
5212,35,1,1241.29,3
5213,92,3,4566.01,2
5217,161,1,2023.81,0
5218,285,1,390.54,1
5220,247,1,1020.52,1
5221,141,3,4751.84,2
5222,236,1,1258.38,0
5224,173,1,824.3,1
5225,119,2,935.03,2
5227,155,1,633.0,1
5228,69,1,1246.53,0
5229,263,2,2889.7799999999997,2
5232,70,1,43.35,1
5238,213,1,787.17,1
5239,242,1,594.6,1
5241,98,1,1445.98,0
5242,35,2,916.84,3
5244,130,1,863.44,1
5245,109,2,6146.6,2
5246,133,1,2238.2,0
5249,359,1,926.31,1
5252,103,2,2427.33,2
5253,333,1,1474.56,0
5255,120,2,2754.84,2
5264,184,1,472.87,1
5265,186,1,591.32,1
5266,33,1,2223.78,3
5270,277,1,2493.64,0
5274,312,2,1383.16,2
5276,157,2,3381.56,2
5278,141,1,4951.04,0
5279,151,2,1914.4099999999999,2
5280,114,2,2874.03,2
5281,148,2,1360.48,2
5284,70,1,1169.3,0
5285,79,2,2528.77,2
5288,59,2,5552.33,2
5291,192,1,1186.63,0
5292,205,1,1072.87,1
5294,130,1,555.14,1
5295,72,1,444.02,1
5297,251,1,1252.05,0
5298,38,2,2981.79,2
5299,168,1,1387.8,0
5300,104,1,1095.1,1
5301,34,2,1802.29,2
5302,349,1,3899.16,0
5303,327,1,1001.53,1
5308,250,1,1357.89,0
5310,352,1,3534.4,0
5312,168,2,2660.37,2
5313,197,1,1620.68,0
5317,120,1,1178.38,0
5319,338,1,837.3,1
5322,228,1,3699.76,0
5323,155,1,3361.66,0
5327,175,1,1477.92,0
5328,83,1,3805.9,0
5332,168,1,1275.4,0
5334,324,1,1727.08,0
5335,103,1,1113.81,1
5337,180,2,3008.5699999999997,2
5339,208,1,3675.57,0
5340,298,1,4948.2,0
5342,292,1,532.5,1
5343,302,1,776.36,1
5349,347,1,431.06,1
5351,259,1,1644.67,0
5352,113,1,2582.32,0
5358,184,1,831.26,1
5362,313,1,3331.59,0
5364,358,1,147.89,1
5371,179,1,2112.24,0
5372,278,2,3448.7400000000002,2
5375,325,1,336.52,1
5376,11,2,5905.45,2
5378,12,1,3867.51,3
5379,136,1,1235.02,0
5382,64,3,3372.62,2
5395,207,1,2786.42,0
5397,135,1,4361.91,0
5398,141,1,1835.82,0
5399,141,1,3984.39,0
5400,113,1,590.27,1
5402,83,2,1546.35,2
5403,91,2,9428.04,2
5406,87,2,4037.97,2
5409,78,1,2449.83,0
5413,165,1,2911.58,0
5415,273,2,3356.38,2
5416,35,3,4996.34,2
5418,175,1,5081.0,0
5419,251,1,364.26,1
5421,320,1,1156.78,1
5422,109,1,906.09,1
5424,180,1,365.8,1
5425,114,1,4752.42,0
5426,197,1,720.48,1
5427,173,1,1361.9,0
5429,67,1,1303.03,0
5430,22,1,533.86,3
5431,277,1,3757.12,0
5432,238,1,1113.82,1
5434,67,2,2254.5699999999997,2
5435,4,1,695.71,3
5442,104,2,937.58,2
5443,183,1,2294.12,0
5446,78,3,3457.06,2
5448,172,1,1576.32,0
5450,288,1,3222.07,0
5453,225,1,434.92,1
5459,211,2,3951.57,2
5460,8,1,1026.87,3
5461,345,1,262.45,1
5463,16,3,1868.11,2
5464,222,1,5860.0,0
5466,222,2,4672.51,2
5467,2,1,1604.38,3
5468,350,1,567.43,1
5469,22,1,930.92,3
5470,30,1,167.16,1
5471,86,2,2483.94,2
5475,145,1,1787.51,0
5478,208,1,1465.94,0
5479,274,1,2663.02,0
5480,354,1,1075.73,1
5484,39,2,4552.2,2
5485,282,2,2295.85,2
5486,281,1,859.6,1
5488,56,1,943.28,3
5489,354,1,4844.2,0
5490,102,1,626.14,1
5493,57,1,1158.28,3
5496,229,1,3870.3,0
5498,80,1,5022.84,0
5500,102,1,1184.51,0
5502,124,1,1496.63,0
5503,105,1,442.61,1
5504,192,1,2470.05,0
5505,102,2,2380.4700000000003,2
5508,49,2,4799.0599999999995,2
5509,329,1,316.54,1
5513,95,1,3092.52,0
5514,133,2,5784.89,2
5515,222,1,3339.2,0
5516,314,1,950.89,1
5518,105,2,4699.67,2
5519,150,1,1929.7,0
5521,123,1,2050.89,0
5522,165,2,1226.31,2
5525,362,1,4709.6,0
5526,26,1,395.05,3
5527,98,1,3662.71,0
5528,42,1,1233.59,3
5529,288,1,6006.6,0
5531,174,1,508.56,1
5532,140,1,3069.25,0
5533,71,3,4167.73,2
5534,30,2,5666.76,2
5537,194,1,1249.43,0
5538,119,2,940.72,2
5540,248,1,580.56,1
5541,250,1,643.98,1
5544,340,1,591.86,1
5545,356,1,644.84,1
5552,163,1,1091.95,1
5553,220,2,7667.139999999999,2
5557,15,4,6930.64,2
5558,246,1,330.65,1
5560,279,1,2349.4,0
5561,218,2,3559.89,2
5568,70,1,791.84,1
5569,126,1,1486.43,0
5573,76,2,3589.67,2
5574,112,2,3038.9300000000003,2
5578,194,1,3571.08,0
5580,119,1,1790.6,0
5581,202,2,7678.41,2
5587,24,2,1328.86,3
5593,203,1,3227.0,0
5595,159,3,3271.27,2
5596,360,1,2303.3,0
5597,156,2,1570.8000000000002,2
5599,301,1,390.62,1
5601,297,2,5046.88,2
5605,122,1,1793.48,0
5606,294,1,1151.22,1
5607,196,1,1332.66,0
5609,214,1,2748.3,0
5610,298,1,277.34,1
5611,167,1,1745.14,0
5612,311,1,475.44,1
5614,167,1,563.73,1
5615,228,2,2101.19,2
5617,67,1,278.64,1
5627,236,1,3737.79,0
5630,22,2,1151.0900000000001,3
5631,310,1,499.9,1
5634,28,1,254.67,3
5635,197,2,8180.68,2
5639,361,1,1712.44,0
5640,251,1,459.4,1
5642,158,1,548.44,1
5643,108,2,1160.69,2
5644,92,1,1070.96,1
5648,301,1,216.78,1
5651,67,1,876.37,1
5652,44,2,2492.8999999999996,2
5659,361,1,1153.28,1
5661,315,1,2823.96,0
5665,37,1,469.09,3
5666,53,1,946.73,3
5667,253,1,2610.47,0
5668,194,1,2285.5,0
5669,235,3,4882.39,2
5671,210,1,1765.91,0
5673,303,1,1062.0,1
5674,234,2,1245.6399999999999,2
5675,303,1,1180.09,0
5676,58,1,907.08,1
5677,351,1,370.56,1
5679,284,1,3437.48,0
5681,125,1,3379.94,0
5682,26,1,1529.45,3
5684,112,2,3551.24,2
5686,310,1,2532.53,0
5687,253,1,862.64,1
5688,211,2,3969.02,2
5690,17,1,920.54,3
5694,258,1,2481.91,0
5696,110,1,3156.37,0
5697,73,1,345.63,1
5698,238,1,2775.34,0
5702,202,1,294.26,1
5703,126,1,1401.94,0
5707,307,1,2424.23,0
5709,17,2,3759.04,2
5710,60,2,6117.19,2
5714,358,1,422.94,1
5720,38,2,5847.68,2
5722,187,1,1102.16,1
5723,222,1,1612.0,0
5724,253,1,854.45,1
5725,133,2,4757.410000000001,2
5727,191,1,750.8,1
5729,123,1,992.72,1
5730,264,1,761.88,1
5736,207,1,361.68,1
5737,280,1,1497.16,0
5738,309,1,728.72,1
5740,123,3,7861.7,2
5742,329,1,2210.87,0
5745,272,1,257.17,1
5747,326,1,712.32,1
5748,255,2,2531.29,2
5749,121,2,1525.8200000000002,2
5751,135,2,1727.17,2
5754,127,2,2924.19,2
5755,31,2,3578.55,2
5756,10,2,6746.84,2
5757,50,2,6397.4,2
5760,189,2,7326.25,2
5763,222,2,3507.06,2
5764,360,1,617.48,1
5766,280,1,774.99,1
5767,49,2,2244.07,2
5770,254,2,5324.23,2
5771,15,2,4523.67,2
5774,261,1,357.36,1
5775,89,1,186.55,1
5776,98,2,3154.48,2
5777,111,1,2031.06,0
5778,36,2,6754.82,2
5779,42,1,5844.78,0
5780,212,1,3272.59,0
5781,142,2,2517.3900000000003,2
5782,79,1,2711.56,0
5785,288,1,865.06,1
5787,60,1,2778.81,0
5791,115,1,1268.46,0
5792,282,1,958.41,1
5793,62,3,7953.709999999999,2
5798,11,3,4788.68,2
5799,75,1,361.09,1
5800,204,1,419.94,1
5801,174,1,495.59,1
5804,296,2,2556.78,2
5805,144,1,384.64,1
5808,259,2,6736.77,2
5812,354,1,171.39,1
5813,110,1,1580.76,0
5817,126,1,742.07,1
5823,201,1,250.03,1
5824,22,1,1914.12,3
5825,79,2,1723.68,2
5826,228,1,1313.32,0
5827,210,1,6661.28,0
5830,330,1,1014.56,1
5834,78,1,1543.69,0
5837,126,1,187.52,1
5838,53,2,4807.65,2
5839,79,1,660.25,1
5840,320,1,1668.56,0
5845,18,1,2803.58,3
5847,120,1,1229.98,0
5848,33,1,515.5,3
5850,14,1,1276.46,3
5852,4,3,8973.34,2
5858,55,2,5974.68,2
5860,140,2,4225.01,2
5863,88,2,3859.38,2
5864,76,2,1423.8500000000001,2
5869,231,1,5321.72,0
5872,60,1,1639.93,0
5875,257,1,4387.44,0
5876,119,1,2264.48,0
5877,168,1,554.03,1
5880,173,2,4883.01,2
5884,87,1,684.24,1
5885,330,1,84.96,1
5886,65,1,1609.88,0
5888,143,1,464.76,1
5889,56,3,5474.77,2
5893,88,1,574.56,1
5894,96,1,1318.08,0
5895,95,2,2113.96,2
5902,117,1,2075.62,0
5903,117,1,1424.99,0
5904,184,2,2455.31,2
5905,196,1,1440.58,0
5906,157,1,250.93,1
5909,324,2,6184.5,2
5910,25,1,796.09,3
5915,276,1,5287.19,0
5918,95,2,3059.07,2
5920,267,2,4470.3,2
5921,64,2,7634.02,2
5923,40,1,1037.8,3
5924,1,3,3255.02,3
5925,279,1,184.5,1
5926,8,3,3734.0,2
5932,314,1,909.21,1
5933,110,1,2290.32,0
5934,293,1,1934.72,0
5936,289,1,1344.64,0
5938,96,1,2953.72,0
5939,144,1,4156.23,0
5941,32,1,2470.8,3
5942,44,2,6460.49,2
5943,285,1,475.63,1
5944,84,3,2372.7200000000003,2
5946,365,1,2888.49,0
5949,26,1,1833.37,3
5952,136,3,10124.29,2
5956,233,1,5080.54,0
5958,49,1,1965.47,3
5960,30,1,5352.26,3
5961,305,1,5472.29,0
5965,32,1,950.8,3
5970,12,1,1772.96,3
5972,286,1,1660.75,0
5973,170,2,1992.8,2
5975,43,1,704.02,3
5976,79,1,173.72,1
5977,214,1,2180.96,0
5979,192,3,2977.09,2
5981,137,2,3929.55,2
5982,151,1,1115.64,1
5985,203,1,1616.39,0
5989,99,2,1368.8200000000002,2
5993,293,1,1566.6,0
5994,104,1,684.72,1
5996,123,2,2586.74,2
5997,230,1,319.13,1
5999,30,3,4053.8099999999995,2
6000,331,1,588.74,1
6005,20,3,3645.11,2
6006,72,1,766.38,1
6007,321,1,1908.3,0
6010,62,1,377.58,1
6011,4,1,3368.28,3
6013,350,1,621.54,1
6018,28,1,843.21,3
6019,63,2,1951.97,2
6020,360,1,821.05,1
6021,88,1,2497.51,0
6024,355,1,1407.37,0
6025,303,1,2584.7,0
6026,129,1,776.79,1
6027,167,1,704.19,1
6028,4,2,2721.99,3
6031,88,1,805.05,1
6035,269,1,2649.55,0
6036,319,1,2799.21,0
6038,13,2,5932.62,2
6042,59,1,955.96,1
6045,164,2,2783.81,2
6046,186,1,846.77,1
6047,273,1,3983.08,0
6050,224,1,3225.6,0
6052,212,1,1180.78,0
6053,148,1,202.98,1
6054,154,1,454.09,1
6056,329,1,1512.9,0
6057,291,1,738.37,1
6058,6,3,5955.150000000001,2
6063,132,1,1693.91,0
6065,12,1,1849.16,3
6066,193,2,3142.1499999999996,2
6067,146,1,4645.32,0
6071,177,1,345.57,1
6077,322,1,812.71,1
6080,268,1,1041.35,1
6081,303,1,1117.0,1
6082,168,1,311.67,1
6084,64,1,975.51,1
6085,125,3,11545.2,2
6086,44,2,7884.4400000000005,2
6087,60,2,1206.27,2
6088,236,4,6311.89,2
6092,119,1,1973.55,0
6093,268,1,97.93,1
6096,260,1,1136.62,1
6097,48,1,1135.33,3
6098,333,1,276.84,1
6101,227,2,669.14,1
6104,18,3,5695.15,2
6107,325,1,4978.23,0
6109,353,1,767.02,1
6111,19,2,6919.66,2
6112,114,1,461.97,1
6116,39,4,8182.58,2
6118,316,2,1146.08,2
6119,81,1,374.3,1
6121,301,1,4633.45,0
6125,82,1,1299.33,0
6126,227,2,8373.25,2
6127,270,1,552.51,1
6128,185,1,1845.74,0
6129,255,1,3389.65,0
6135,190,3,7899.21,2
6138,163,1,1580.56,0
6141,130,1,356.04,1
6142,209,1,1956.35,0
6144,130,1,874.13,1
6145,251,1,3296.76,0
6148,48,2,2677.02,2
6151,301,2,1626.8,2
6153,263,1,5532.55,0
6154,236,1,967.94,1
6155,267,1,3630.6,0
6156,116,1,4108.1,0
6163,35,1,1755.32,3
6164,25,1,362.7,3
6165,335,1,1419.34,0
6166,22,2,597.67,3
6170,125,1,409.22,1
6171,327,1,1563.53,0
6173,16,1,2489.67,3
6174,2,1,1226.08,3
6176,165,1,2478.35,0
6177,117,1,4306.6,0
6178,56,2,902.99,2
6181,142,1,1024.35,1
6182,303,1,2524.68,0
6186,198,1,532.81,1
6187,219,1,5872.2,0
6191,53,2,2162.92,2
6193,223,1,771.51,1
6195,154,1,950.69,1
6196,134,1,1040.85,1
6197,243,1,3179.88,0
6198,101,1,351.14,1
6201,49,1,2824.14,3
6202,361,1,5126.22,0
6204,145,1,3725.64,0
6206,150,1,2858.81,0
6208,114,1,6342.08,0
6209,161,1,560.63,1
6210,27,3,1845.8,2
6212,21,1,154.87,3
6213,120,1,600.99,1
6215,52,1,200.52,1
6217,291,1,299.92,1
6221,16,2,2513.08,3
6223,14,1,5321.89,3
6225,280,1,7110.36,0
6228,18,2,2497.25,3
6229,109,1,2906.51,0
6230,181,2,1713.0500000000002,2
6233,215,1,1369.14,0
6239,152,2,2065.63,2
6240,132,1,6439.0,0
6241,171,1,932.63,1
6243,39,3,5940.6,2
6246,338,1,480.02,1
6254,76,1,865.04,1
6255,218,1,890.75,1
6256,102,3,11609.37,2
6257,301,1,787.64,1
6258,1,1,2273.91,3
6262,83,1,583.32,1
6264,90,1,763.27,1
6266,209,1,2065.59,0
6270,46,1,893.04,3
6274,180,1,444.39,1
6276,140,3,5208.5,2
6279,310,1,4469.82,0
6282,127,1,990.99,1
6283,80,3,7051.29,2
6288,97,2,1588.95,2
6289,15,2,3774.6400000000003,2
6290,284,1,1214.27,0
6295,87,2,3641.89,2
6301,15,1,148.19,3
6302,267,1,451.17,1
6303,149,1,6920.28,0
6306,264,1,509.73,1
6307,222,1,1847.48,0
6311,105,1,1231.51,0
6312,42,3,10562.77,2
6319,106,2,4126.9400000000005,2
6321,189,1,3448.11,0
6324,347,1,1079.25,1
6325,305,1,2156.11,0
6327,212,1,880.27,1
6329,102,1,2361.48,0
6330,182,1,3664.58,0
6332,73,2,1802.3799999999999,2
6337,96,1,550.22,1
6339,85,3,5153.5599999999995,2
6340,166,1,715.67,1
6341,228,3,7200.61,2
6343,40,2,4942.68,2
6345,195,2,248.44,1
6346,16,1,955.08,3
6352,294,1,1784.88,0
6356,214,1,1113.81,1
6358,180,1,364.23,1
6359,293,1,2908.87,0
6360,34,1,1000.13,3
6361,47,1,210.37,1
6363,26,1,1062.77,3
6364,51,1,5811.3,0
6365,310,1,1575.87,0
6369,343,1,902.62,1
6370,188,1,1471.64,0
6371,315,1,1786.32,0
6375,315,1,3273.0,0
6376,182,2,2818.32,2
6377,87,1,1327.66,0
6378,117,1,964.68,1
6379,44,2,7686.69,2
6380,281,1,1128.54,1
6382,293,1,1608.39,0
6383,15,1,1712.73,3
6388,77,1,240.69,1
6389,79,1,6243.88,0
6391,13,2,2673.88,3
6393,135,1,4315.03,0
6394,59,1,1471.56,3
6395,158,2,4144.37,2
6399,163,1,1764.48,0
6406,1,1,5299.16,3
6407,341,1,846.92,1
6408,267,1,1401.01,0
6409,36,2,6503.26,2
6411,302,1,594.02,1
6413,40,1,2085.57,3
6414,243,1,217.46,1
6415,201,2,5423.620000000001,2
6421,225,1,1462.36,0
6425,181,1,1321.52,0
6428,31,1,1465.86,3
6430,213,2,2162.6,2
6432,273,1,1695.6,0
6433,194,1,3494.94,0
6434,106,1,1502.8,0
6435,205,1,1911.84,0
6436,35,4,6849.07,2
6437,74,1,771.46,1
6438,231,1,995.43,1
6443,147,2,4832.33,2
6445,22,1,234.08,3
6450,171,1,432.13,1
6454,157,1,3599.19,0
6456,2,3,7025.41,2
6459,45,4,7390.51,2
6463,357,1,840.36,1
6464,313,1,3926.16,0
6465,119,1,3022.43,0
6467,119,2,2182.85,2
6469,278,1,1258.17,0
6471,164,2,4597.04,2
6472,362,1,535.48,1
6473,301,1,5650.16,0
6474,63,1,261.0,1
6476,255,1,4322.37,0
6477,25,1,660.68,3
6478,93,3,5704.41,2
6479,276,2,2662.4300000000003,2
6482,82,1,357.37,1
6485,115,2,1408.96,2
6489,111,2,1257.0,2
6493,52,1,932.87,3
6494,41,2,4019.45,2
6496,154,1,1189.97,0
6497,142,2,3032.6,2
6498,238,1,1349.02,0
6499,237,1,1990.5,0
6500,309,1,621.07,1
6503,86,2,2084.0,2
6507,129,1,3154.12,0
6511,152,3,2254.33,2
6512,34,1,1769.36,3
6515,302,1,388.03,1
6517,260,1,1591.33,0
6520,17,1,732.78,3
6521,67,1,611.07,1
6524,193,1,2239.85,0
6525,132,1,1767.75,0
6526,161,1,4015.68,0
6528,10,1,1066.81,3
6529,324,1,1237.77,0
6530,286,1,1041.03,1
6531,207,1,2206.14,0
6532,122,1,1564.69,0
6534,312,1,1506.05,0
6536,97,1,283.74,1
6539,364,1,934.5,1
6543,98,2,2597.04,2
6545,269,3,7164.860000000001,2
6546,58,1,354.37,1
6547,272,2,1589.5099999999998,2
6549,308,1,1521.54,0
6552,1,1,216.49,3
6553,35,2,657.22,3
6554,25,2,769.94,3
6555,280,1,564.98,1
6556,121,1,2284.62,0
6557,84,1,2724.21,0
6558,54,1,1235.71,3
6561,218,1,865.52,1
6562,219,1,438.65,1
6564,86,2,2423.6,2
6567,364,1,2260.56,0
6568,157,1,1806.24,0
6569,220,1,786.03,1
6571,18,3,3110.32,2
6574,277,1,1755.1,0
6578,137,2,3883.7700000000004,2
6582,352,1,2692.74,0
6587,180,1,877.52,1
6592,162,1,331.04,1
6594,170,2,4785.469999999999,2
6595,88,1,1676.06,0
6598,22,1,941.4,3
6599,174,3,4147.35,2
6605,19,1,1204.71,3
6607,249,2,1953.28,2
6610,26,2,4152.37,2
6611,17,2,1341.61,3
6612,144,1,1997.46,0
6624,231,1,1736.4,0
6626,95,1,2847.24,0
6627,299,1,2739.16,0
6629,222,1,2288.46,0
6633,17,2,1078.9,3
6634,47,2,4477.66,2
6637,59,2,2012.6399999999999,2
6639,2,2,6626.67,3
6640,78,2,2318.94,2
6642,122,2,3539.98,2
6643,82,1,962.45,1
6644,246,2,1997.2199999999998,2
6647,343,1,1964.16,0
6650,306,1,131.26,1
6654,5,1,351.02,3
6655,278,1,1528.97,0
6657,133,1,1583.01,0
6658,109,2,4624.110000000001,2
6661,72,1,1088.01,1
6663,226,1,1215.08,0
6667,295,2,2829.16,2
6668,264,1,1291.31,0
6670,78,1,1274.92,0
6671,96,2,2223.46,2
6672,325,1,3784.0,0
6679,248,1,323.27,1
6684,328,1,929.06,1
6685,308,1,1106.14,1
6686,250,1,2700.44,0
6691,92,3,2444.6099999999997,2
6692,257,1,444.28,1
6697,362,1,1102.28,1
6700,294,1,3438.5,0
6702,208,1,7142.29,0
6705,67,3,4900.120000000001,2
6706,102,1,3573.0,0
6709,294,1,860.56,1
6712,113,2,2190.92,2
6714,178,2,1267.4499999999998,2
6718,315,1,2407.64,0
6720,243,1,2958.72,0
6722,352,1,203.16,1
6723,330,1,2462.82,0
6724,23,2,2609.05,2
6726,161,1,364.42,1
6731,176,1,3974.24,0
6732,322,1,1224.56,0
6734,292,1,4444.59,0
6736,264,1,2029.81,0
6743,209,3,4053.02,2
6744,311,1,954.53,1
6745,76,1,1618.2,0
6747,271,1,811.5,1
6748,136,1,988.68,1
6750,271,1,1128.26,1
6752,138,1,1405.98,0
6754,313,2,8315.72,2
6755,29,1,2399.89,3
6756,313,1,1613.62,0
6760,267,1,895.37,1
6764,201,2,2600.16,2
6767,303,1,4927.84,0
6768,16,1,839.94,3
6772,182,1,1130.59,1
6773,324,1,980.45,1
6775,315,1,2662.65,0
6776,41,1,404.06,1
6780,204,1,608.31,1
6781,133,2,2557.13,2
6782,353,1,4833.27,0
6786,208,2,1231.25,2
6787,35,3,3630.08,2
6788,119,1,2106.1,0
6790,271,1,2973.4,0
6791,353,1,671.26,1
6793,16,2,4052.34,2
6794,271,1,634.5,1
6798,237,1,1274.76,0
6801,132,1,575.16,1
6803,335,2,4089.4900000000002,2
6806,36,1,3764.54,3
6808,305,1,2644.04,0
6809,20,2,5535.290000000001,2
6812,23,1,277.66,3
6813,359,1,1581.61,0
6815,93,1,1823.12,0
6819,165,2,6840.87,2
6825,89,1,2346.25,0
6828,108,1,3171.45,0
6830,211,1,1842.3,0
6833,102,1,4737.48,0
6837,306,1,3485.44,0
6838,235,2,3188.13,2
6839,307,1,370.03,1
6840,211,2,2896.77,2
6845,229,1,1685.42,0
6850,223,1,1519.53,0
6851,328,1,783.21,1
6854,362,1,1402.02,0
6856,136,1,764.32,1
6857,189,1,2523.62,0
6858,181,1,2214.71,0
6861,4,3,6677.67,2
6863,4,2,4466.73,3
6864,5,2,1347.82,3
6867,293,1,1011.31,1
6869,53,2,1614.65,2
6872,187,1,2364.55,0
6875,142,1,768.18,1
6878,99,1,2543.81,0
6881,92,1,362.81,1
6883,271,1,923.33,1
6884,127,1,1393.38,0
6885,161,1,1905.38,0
6891,176,1,6089.47,0
6895,18,2,5557.8099999999995,2
6896,68,1,3379.7,0
6897,101,1,881.22,1
6898,103,1,6021.52,0
6899,260,2,3025.88,2
6902,126,2,3055.6800000000003,2
6906,182,1,309.9,1
6907,266,1,1601.47,0
6908,340,1,1797.84,0
6909,107,2,4565.71,2
6912,104,2,669.31,2
6913,69,1,1999.79,0
6917,134,1,1235.52,0
6921,335,1,2092.75,0
6923,362,1,459.88,1
6925,97,1,721.67,1
6926,69,1,3549.36,0
6927,41,1,3566.13,3
6931,66,1,1239.66,0
6932,166,2,3453.45,2
6939,151,1,1314.31,0
6943,202,2,1909.97,2
6944,179,1,1665.29,0
6946,164,1,1197.99,0
6947,116,3,2951.5299999999997,2
6950,1,1,138.5,3
6953,155,2,3730.21,2
6955,188,1,1991.52,0
6959,104,2,978.48,2
6963,279,2,2985.01,2
6969,35,2,3681.11,2
6972,352,1,1266.91,0
6974,201,2,949.52,2
6978,21,2,1319.74,3
6979,91,2,4909.82,2
6984,186,1,216.35,1
6985,234,1,1470.74,0
6986,108,2,758.0,2
6987,6,1,703.02,3
6989,9,1,880.66,3
6990,180,1,773.79,1
6992,199,3,1711.41,2
6993,365,1,3400.04,0
6996,203,1,3065.95,0
6998,206,1,802.69,1
7001,158,1,218.74,1
7002,342,1,1375.99,0
7003,75,3,6094.67,2
7005,50,2,6127.66,2
7008,354,1,2127.85,0
7010,205,2,5193.19,2
7011,68,1,725.98,1
7012,128,1,1356.05,0
7015,24,5,10077.0,2
7018,61,2,5590.009999999999,2
7024,317,1,1375.11,0
7025,82,1,2319.08,0
7028,151,1,302.12,1
7030,248,1,4865.55,0
7031,363,1,3777.44,0
7032,209,1,554.44,1
7036,345,1,1302.04,0
7039,156,2,808.28,2
7040,117,1,3022.36,0
7044,59,1,1550.44,0
7045,221,1,415.06,1
7047,336,1,259.26,1
7050,202,1,4573.62,0
7051,62,1,263.76,1
7055,16,1,530.37,3
7056,140,1,410.94,1
7057,90,1,3535.05,0
7058,191,1,3211.59,0
7060,92,2,4974.6,2
7061,13,1,874.51,3
7062,365,1,4011.36,0
7063,338,1,1484.67,0
7064,85,1,596.59,1
7066,89,2,2428.31,2
7067,129,1,2033.18,0
7069,244,1,2874.62,0
7071,218,2,1531.9199999999998,2
7072,26,3,6381.92,2
7073,78,2,4805.88,2
7074,242,1,702.41,1
7077,264,1,167.03,1
7078,240,1,369.08,1
7080,21,1,187.4,3
7081,262,1,328.49,1
7082,42,2,3036.1899999999996,2
7094,179,1,966.74,1
7096,274,1,2429.47,0
7097,249,1,5580.16,0
7098,35,2,7012.71,2
7099,41,2,4033.6400000000003,2
7100,74,2,2416.06,2
7101,102,1,754.52,1
7102,328,1,967.53,1
7105,27,1,1051.32,3
7106,178,1,1627.92,0
7107,148,1,2898.6,0
7110,72,1,2049.4,0
7111,43,3,4088.6099999999997,2
7119,22,1,2009.24,3
7121,345,1,947.94,1
7122,168,2,6075.05,2
7123,76,1,4408.56,0
7126,54,2,3929.1899999999996,2
7127,279,1,3957.72,0
7128,357,1,1957.65,0
7129,46,1,2383.98,3
7130,93,2,1519.06,2
7132,157,2,1545.56,2
7133,358,1,2089.82,0
7134,4,2,4711.66,3
7139,239,1,1102.73,1
7142,80,3,6206.889999999999,2
7144,48,1,3583.95,0
7145,219,1,2531.1,0
7147,57,1,842.44,1
7148,109,2,8230.609999999999,2
7150,12,2,3531.63,3
7151,265,2,4224.4800000000005,2
7152,220,1,861.56,1
7153,140,1,4571.76,0
7155,69,1,1537.08,0
7160,145,1,2949.7,0
7162,342,1,391.58,1
7165,160,2,3437.56,2
7166,319,1,827.51,1
7170,61,1,3375.24,0
7171,57,4,9938.119999999999,2
7173,253,1,1027.78,1
7176,153,1,657.44,1
7177,139,2,2852.17,2
7179,217,1,1582.71,0
7185,76,1,789.26,1
7187,28,1,698.56,3
7189,132,3,4847.74,2
7190,202,2,1302.8000000000002,2
7192,336,1,113.22,1
7194,101,1,1193.87,0
7195,323,1,2215.76,0
7201,283,1,2397.48,0
7202,101,1,2882.12,0
7204,126,1,694.69,1
7209,360,1,656.09,1
7210,142,1,2370.42,0
7211,77,1,504.7,1
7213,69,1,341.49,1
7214,2,1,1149.66,3
7215,74,2,2398.96,2
7216,270,2,3578.08,2
7217,63,2,868.3799999999999,2
7218,219,1,704.41,1
7219,238,2,2253.31,2
7224,332,1,1369.68,0
7225,70,2,6234.07,2
7226,305,2,1291.97,2
7227,18,2,851.82,3
7229,289,1,1683.48,0
7232,138,1,2775.5,0
7234,1,1,887.02,3
7235,154,1,1854.04,0
7237,21,1,1308.62,3
7242,68,1,548.38,1
7245,191,1,2460.21,0
7246,123,1,441.9,1
7248,80,1,4405.72,0
7249,105,3,5363.76,2
7251,275,1,2513.42,0
7252,347,1,4129.66,0
7254,115,2,2755.36,2
7259,91,2,4965.61,2
7261,343,1,2108.41,0
7262,43,1,1115.22,3
7263,360,1,6895.33,0
7265,218,1,1361.34,0
7269,103,1,886.36,1
7271,352,1,1086.28,1
7272,63,2,1362.17,2
7274,77,1,2067.51,0
7275,237,1,2099.56,0
7280,359,1,1107.99,1
7281,98,1,673.44,1
7282,214,2,536.64,1
7283,165,1,1032.07,1
7284,228,2,6763.8,2
7287,148,1,3499.77,0
7288,33,1,142.75,1
7293,185,2,3920.44,2
7296,73,1,2480.14,0
7297,75,2,2643.7799999999997,2
7298,78,1,1955.52,0
7299,270,2,2160.71,2
7304,315,1,1715.31,0
7308,343,1,2919.4,0
7310,61,1,1846.76,0
7312,166,1,114.34,1
7313,216,1,285.46,1
7315,223,1,2164.1,0
7317,217,1,400.06,1
7319,243,1,1382.92,0
7321,228,1,1906.02,0
7322,281,1,3321.32,0
7323,240,1,1806.66,0
7325,188,2,1155.9,2
7326,28,1,812.97,3
7327,143,2,2120.2,2
7332,260,1,2636.98,0
7333,81,2,2795.84,2
7336,7,1,1468.75,3
7339,311,1,7016.6,0
7340,2,2,990.4300000000001,3
7341,318,1,2565.0,0
7343,67,1,642.38,1
7344,96,3,7873.650000000001,2
7345,270,1,304.65,1
7346,256,1,5381.88,0
7348,151,1,1475.24,0
7349,274,1,1057.97,1
7351,4,1,2194.02,3
7353,122,1,502.51,1
7354,225,1,986.04,1
7356,234,1,5128.03,0
7358,327,1,1741.08,0
7360,61,2,4415.95,2
7363,129,2,2149.41,2
7367,3,1,3865.47,3
7369,50,1,755.96,3
7372,81,2,1536.66,2
7373,52,1,558.55,1
7375,54,1,2955.24,0
7377,207,1,1461.32,0
7384,155,1,5062.32,0
7385,277,1,3140.45,0
7388,164,1,4491.65,0
7389,73,2,745.65,2
7390,217,1,688.74,1
7391,19,3,5199.73,2
7393,142,1,702.9,1
7396,134,1,698.68,1
7397,21,2,7561.35,2
7400,291,1,181.69,1
7401,230,1,3411.01,0
7402,345,1,5223.94,0
7411,27,3,1281.23,2
7412,222,1,662.09,1
7418,289,1,1722.82,0
7423,64,1,4441.77,0
7428,118,2,6649.44,2
7429,221,1,476.52,1
7433,72,1,1120.5,1
7434,255,1,706.11,1
7435,352,1,1355.17,0
7436,145,1,3601.4,0
7437,20,2,8666.23,2
7439,3,2,2552.0299999999997,3
7450,297,1,262.27,1
7454,119,1,2047.1,0
7457,33,1,2239.22,3
7458,51,1,2266.28,3
7461,17,1,1605.58,3
7462,54,3,7983.16,2
7468,309,1,3384.9,0
7469,109,2,3936.37,2
7472,75,1,2642.6,0
7473,283,1,2575.76,0
7476,186,2,2583.14,2
7477,271,1,1125.6,1
7491,38,2,2648.45,2
7493,228,1,3287.17,0
7494,261,2,6142.879999999999,2
7495,95,1,1330.18,0
7496,101,1,3574.2,0
7505,34,1,4091.46,3
7507,302,1,5312.97,0
7508,208,3,4737.23,2
7509,249,1,5269.01,0
7510,23,1,782.25,3
7512,287,3,8996.67,2
7513,361,1,692.0,1
7514,326,1,2801.16,0
7515,309,1,862.74,1
7517,5,3,6569.68,2
7518,171,1,579.58,1
7519,251,1,308.12,1
7522,95,2,8118.65,2
7525,178,1,2191.66,0
7526,280,2,1943.8799999999999,2
7533,50,1,2519.82,3
7537,122,1,1045.2,1
7538,85,1,2329.2,0
7539,155,1,2625.16,0
7542,19,4,6380.799999999999,2
7543,27,1,780.36,3
7544,173,2,4950.79,2
7545,195,1,1232.38,0
7548,47,1,1145.56,3
7549,144,3,7543.19,2
7550,305,1,322.1,1
7553,155,2,6591.74,2
7555,257,2,4962.84,2
7556,316,1,1330.44,0
7558,239,1,472.02,1
7561,205,1,1058.06,1
7562,166,1,3365.24,0
7564,67,2,1842.81,2
7567,103,1,2793.26,0
7568,145,2,2816.3599999999997,2
7569,194,1,79.11,1
7571,187,1,228.42,1
7572,281,1,520.47,1
7574,209,2,12451.970000000001,2
7576,196,1,3417.58,0
7578,61,1,4041.07,0
7580,184,1,958.78,1
7581,165,1,1665.69,0
7588,342,1,1161.13,1
7591,42,1,637.2,3
7599,16,1,615.53,3
7600,17,3,6181.150000000001,2
7601,116,2,1641.98,2
7603,73,2,6031.84,2
7604,319,2,9822.45,2
7606,318,1,687.39,1
7608,118,1,742.16,1
7609,62,3,9031.48,2
7611,169,2,4121.42,2
7612,168,1,1057.77,1
7615,146,1,3786.18,0
7616,4,1,1242.19,3
7618,36,2,4994.63,2
7623,209,2,3319.14,2
7624,263,1,1017.49,1
7628,47,1,2560.16,3
7629,29,2,3148.19,2
7631,319,1,3397.02,0
7633,2,2,3881.13,3
7634,349,1,832.37,1
7637,197,1,1274.51,0
7639,28,2,5717.47,2
7646,78,1,4060.86,0
7650,261,2,3484.2299999999996,2
7652,157,1,5412.63,0
7654,8,1,1900.16,3
7655,235,1,1386.23,0
7657,107,2,2204.82,2
7658,196,2,5916.89,2
7661,218,1,2009.44,0
7662,150,1,932.44,1
7669,67,1,1699.0,0
7676,95,1,1237.41,0
7678,21,2,2588.72,2
7680,138,1,3438.16,0
7682,24,2,3235.21,2
7685,84,1,1211.11,0
7687,40,1,2343.88,3
7689,319,1,1063.08,1
7695,152,1,2888.34,0
7696,28,2,3199.42,2
7697,251,1,4039.74,0
7699,4,1,1435.14,3
7701,2,3,6087.040000000001,2
7705,87,1,854.89,1
7706,134,1,481.13,1
7710,97,1,1412.22,0
7711,194,2,3607.44,2
7712,202,1,1781.16,0
7714,230,2,7014.92,2
7715,196,2,3705.77,2
7719,156,3,2515.23,2
7724,17,2,1876.54,3
7725,18,1,4667.68,3
7726,276,1,4252.35,0
7727,258,1,277.07,1
7729,52,1,936.15,3
7731,55,1,3664.64,0
7734,171,1,4079.31,0
7736,104,2,3416.85,2
7737,337,1,347.17,1
7740,162,1,3216.07,0
7741,272,2,4098.42,2
7744,73,4,11728.23,2
7751,362,1,4220.6,0
7753,233,1,242.85,1
7755,101,2,899.0699999999999,2
7756,257,1,381.48,1
7759,49,2,9361.09,2
7761,119,1,2510.24,0
7762,338,1,3646.88,0
7765,23,1,2573.94,3
7766,190,1,6717.64,0
7767,306,1,1987.18,0
7768,5,1,2382.05,3
7772,217,1,190.58,1
7773,51,1,1278.8,3
7774,286,1,256.13,1
7776,103,2,2097.81,2
7777,85,2,1812.9,2
7778,313,1,2742.1,0
7781,326,1,3366.72,0
7787,22,3,5321.52,2
7789,208,1,3516.52,0
7790,168,1,1823.39,0
7795,215,1,754.06,1
7796,184,1,2433.42,0
7797,92,1,3118.0,0
7799,324,1,4404.24,0
7800,242,1,2582.55,0
7801,132,1,3719.24,0
7802,286,1,102.31,1
7804,331,1,3025.68,0
7805,59,1,4663.52,0
7807,15,3,2204.38,2
7811,311,2,2831.05,2
7812,179,1,1076.07,1
7817,319,1,598.42,1
7819,138,1,433.68,1
7823,178,2,1525.49,2
7827,229,1,511.66,1
7830,71,1,1536.27,0
7831,350,1,7463.4,0
7832,126,1,608.66,1
7833,212,1,5630.64,0
7834,152,2,4587.71,2
7836,257,2,1008.52,2
7839,21,3,7898.07,2
7841,98,1,1789.42,0
7842,258,2,2210.49,2
7843,342,1,210.0,1
7846,253,1,678.63,1
7847,208,1,1277.49,0
7850,139,2,6450.37,2
7852,276,2,2348.2799999999997,2
7853,12,1,1625.18,3
7856,1,1,531.08,3
7857,150,1,1434.34,0
7858,294,1,642.33,1
7859,91,2,1731.69,2
7862,54,1,2408.32,0
7865,80,1,1860.9,0
7867,12,3,7183.530000000001,2
7868,131,1,1576.94,0
7869,343,1,3178.95,0
7870,337,1,2994.15,0
7871,37,1,567.78,3
7874,310,2,6848.200000000001,2
7875,137,1,754.02,1
7877,41,1,1653.03,3
7878,286,1,4759.17,0
7881,282,2,4655.64,2
7882,140,3,10689.26,2
7887,231,1,438.16,1
7891,152,1,939.78,1
7892,249,2,2973.26,2
7895,161,1,1635.1,0
7897,362,1,1077.54,1
7899,276,1,5196.12,0
7900,150,1,3077.31,0
7905,129,1,1510.92,0
7909,19,2,8588.0,2
7915,241,1,970.56,1
7917,186,2,2538.21,2
7919,234,1,2318.88,0
7920,229,1,1129.34,1
7922,139,2,2403.31,2
7923,146,3,6941.27,2
7927,23,3,4852.77,2
7928,26,1,3433.2,3
7929,184,1,1554.11,0
7930,279,1,183.63,1
7931,68,1,2528.24,0
7934,75,1,1042.21,1
7936,26,1,732.52,3
7938,137,1,2135.09,0
7940,25,1,3299.52,3
7943,214,3,4124.2,2
7945,185,1,680.4,1
7946,9,3,2729.7799999999997,2
7947,138,2,6286.3099999999995,2
7949,101,2,4683.13,2
7950,236,1,4472.26,0
7953,316,1,4467.16,0
7954,252,1,1396.65,0
7958,26,1,2295.92,3
7959,293,1,481.52,1
7961,121,4,7820.57,2
7962,229,1,866.79,1
7963,238,2,9165.64,2
7964,162,2,1906.0500000000002,2
7967,193,1,2239.58,0
7968,75,1,1829.14,0
7969,254,1,2308.38,0
7970,298,2,8419.46,2
7976,111,1,3931.05,0
7977,240,1,294.93,1
7979,133,1,1203.17,0
7980,82,1,3475.52,0
7981,132,2,1536.51,2
7983,141,1,1115.12,1
7984,359,1,746.06,1
7986,183,3,9308.619999999999,2
7991,55,1,768.33,1
8000,134,3,7130.549999999999,2
8001,136,2,2776.42,2
8004,14,1,858.02,3
8006,100,2,2218.42,2
8007,272,1,1350.69,0
8011,325,1,524.31,1
8012,94,1,4163.64,0
8013,114,2,1969.25,2
8015,58,2,1324.69,2
8017,188,1,1676.36,0
8018,108,1,1257.07,0
8020,328,1,723.1,1
8021,148,1,179.97,1
8023,239,2,5623.85,2
8024,195,1,660.96,1
8025,216,1,570.85,1
8026,336,1,3906.7,0
8028,168,2,5580.9,2
8029,232,1,1642.91,0
8032,48,2,5992.95,2
8034,117,1,2815.04,0
8035,82,2,4250.4,2
8037,153,2,4587.35,2
8038,30,1,976.61,3
8043,46,1,1128.24,3
8046,20,1,7524.36,3
8047,260,1,497.81,1
8048,227,1,1498.6,0
8049,72,2,2652.58,2
8051,196,3,3749.42,2
8054,194,1,5136.36,0
8057,282,1,1342.96,0
8058,108,1,2755.16,0
8059,111,1,346.25,1
8062,173,1,343.08,1
8064,86,1,2374.28,0
8066,110,2,2040.3500000000001,2
8067,160,1,473.21,1
8072,98,1,2643.48,0
8073,43,1,1453.04,3
8076,2,1,2536.72,3
8077,122,1,1175.29,0
8078,42,2,10990.96,2
8079,303,3,2927.23,2
8080,100,3,4035.71,2
8081,136,2,1068.72,2
8082,363,1,2501.2,0
8084,72,1,3994.6,0
8085,174,2,9065.48,2
8087,300,1,6735.0,0
8088,349,1,2549.44,0
8089,244,2,849.45,2
8090,256,1,3257.98,0
8095,184,1,285.3,1
8101,219,1,1016.62,1
8108,17,1,467.03,3
8111,110,1,1489.64,0
8112,206,1,2903.94,0
8113,199,2,2766.07,2
8114,234,1,1373.38,0
8115,317,1,6333.5,0
8118,69,1,863.1,1
8124,20,1,1617.56,3
8125,336,1,337.34,1
8129,236,1,4614.6,0
8130,318,2,1930.8999999999999,2
8131,275,1,1220.33,0
8132,88,1,433.2,1
8133,62,1,2994.62,0
8136,73,1,5074.32,0
8141,65,1,774.12,1
8147,101,1,3398.84,0
8148,19,1,1061.45,3
8151,186,1,3365.22,0
8152,285,1,158.47,1
8153,80,1,472.34,1
8154,183,1,780.49,1
8158,291,1,1891.73,0
8159,346,1,531.01,1
8160,135,3,2902.92,2
8161,121,3,2982.8999999999996,2
8162,84,2,2871.3199999999997,2
8163,210,1,2861.35,0
8166,107,1,3468.5,0
8167,207,1,2077.19,0
8169,3,1,690.6,3
8174,17,1,2136.93,3
8175,220,1,871.73,1
8176,83,2,4394.09,2
8181,199,2,1670.94,2
8182,16,1,1131.14,3
8184,114,1,3504.28,0
8185,20,1,1032.75,3
8188,167,1,347.82,1
8191,335,1,800.07,1
8192,158,2,2929.4399999999996,2
8193,206,1,2563.56,0
8194,151,1,2524.81,0
8198,155,1,473.9,1
8199,232,1,536.47,1
8200,237,1,891.44,1
8201,248,1,4065.7,0
8202,252,2,2980.89,2
8203,197,1,727.13,1
8204,198,2,2233.63,2
8205,59,1,1170.69,3
8208,43,1,3471.06,3
8209,13,3,1909.0900000000001,2
8211,88,1,1905.14,0
8212,147,1,621.0,1
8214,176,1,181.72,1
8215,24,3,4527.92,2
8216,213,1,1230.89,0
8217,348,1,3961.96,0
8221,189,1,754.82,1
8224,287,1,2133.32,0
8225,226,1,789.93,1
8232,70,1,1348.53,0
8234,274,1,178.82,1
8240,30,2,2746.0600000000004,2
8241,93,3,5663.889999999999,2
8242,182,1,251.78,1
8244,313,1,3905.96,0
8251,294,1,105.49,1
8255,337,1,1519.63,0
8260,86,1,5959.84,0
8262,288,1,4317.9,0
8264,189,1,968.33,1
8266,24,1,3312.18,3
8269,171,2,1975.36,2
8270,217,1,3130.19,0
8271,188,1,768.22,1
8274,39,2,7555.72,2
8277,319,1,294.08,1
8279,148,2,4420.7300000000005,2
8280,33,1,181.58,1
8284,140,1,4197.54,0
8288,43,1,1613.82,3
8289,22,2,2183.03,2
8291,20,2,1136.8400000000001,3
8293,45,1,2968.16,3
8299,286,1,364.97,1
8301,359,1,161.23,1
8304,360,1,230.98,1
8305,211,1,455.16,1
8306,56,2,2189.42,2
8307,28,1,1939.05,3
8308,97,1,3630.95,0
8311,47,2,4807.780000000001,2
8314,72,1,2147.47,0
8316,191,1,1579.93,0
8320,158,1,389.97,1
8321,187,1,1230.16,0
8324,59,2,5046.5199999999995,2
8326,108,2,7153.35,2
8327,83,3,4247.0599999999995,2
8328,364,1,745.77,1
8330,185,1,2293.24,0
8331,294,1,1409.88,0
8332,45,1,3381.7,3
8333,110,1,2551.71,0
8337,92,1,4229.2,0
8338,162,1,4820.48,0
8340,11,2,2735.21,3
8341,79,3,4810.91,2
8345,104,1,5525.43,0
8346,88,1,2766.34,0
8347,74,2,1873.3,2
8348,217,1,1433.37,0
8353,170,1,661.66,1
8354,27,1,1709.72,3
8356,11,1,500.76,3
8359,350,1,533.12,1
8360,306,1,1413.61,0
8361,200,1,1512.3,0
8363,28,3,2826.15,2
8365,40,1,1254.16,3
8367,308,1,445.64,1
8368,337,1,1494.77,0
8369,212,1,1541.6,0
8373,212,1,4449.76,0
8375,60,1,1009.08,3
8376,362,1,3116.76,0
8377,67,3,5287.29,2
8379,17,2,6343.4400000000005,2
8381,356,1,3119.76,0
8384,164,1,2970.6,0
8386,92,1,1956.24,0
8388,130,1,559.57,1
8389,8,1,172.62,3
8391,340,1,356.0,1
8392,186,1,849.1,1
8393,87,2,2315.84,2
8396,42,1,2087.94,3
8399,365,1,5679.92,0
8402,234,1,3047.6,0
8404,36,1,1205.43,3
8406,34,1,332.05,3
8408,13,3,2694.22,2
8412,65,1,644.06,1
8417,34,1,3586.6,3
8418,141,1,1131.79,1
8421,254,2,7162.7,2
8423,209,1,1148.1,1
8425,308,1,2831.48,0
8427,126,1,578.45,1
8428,84,1,3418.56,0
8429,17,1,2268.96,3
8430,196,1,1989.15,0
8431,71,1,1156.05,0
8433,172,2,957.02,2
8435,4,2,8343.869999999999,3
8437,5,1,775.08,3
8439,160,1,2060.77,0
8442,56,2,877.52,2
8445,201,1,2208.34,0
8446,208,1,1526.76,0
8447,353,1,1223.2,0
8448,237,1,2907.24,0
8450,264,1,1441.74,0
8452,58,1,1298.49,3
8453,44,2,4193.09,2
8454,2,1,2570.53,3
8455,35,1,2611.74,3
8459,24,1,256.5,3
8460,189,2,1505.1599999999999,2
8461,71,1,2957.64,0
8464,43,1,2416.21,3
8465,260,1,1026.18,1
8476,108,1,1177.25,0
8477,102,1,3485.94,0
8479,259,1,4037.22,0
8481,132,1,1359.36,0
8483,140,1,1608.1,0
8487,18,1,1353.2,3
8490,124,1,2438.69,0
8491,277,1,641.31,1
8498,108,1,1381.46,0
8499,70,2,5686.5,2
8501,149,3,1883.69,2
8503,116,1,465.46,1
8505,124,1,3055.39,0
8507,93,2,1832.87,2
8509,111,1,189.03,1
8510,316,1,1105.66,1
8512,68,1,3782.55,0
8515,123,1,3550.8,0
8521,341,1,1906.36,0
8525,4,1,1629.86,3
8526,27,1,1161.24,3
8527,98,2,1299.31,2
8528,52,1,2383.85,0
8529,92,1,619.92,1
8531,109,3,5049.22,2
8533,263,1,3440.16,0
8534,222,1,5044.07,0
8535,49,1,3574.05,0
8538,308,1,2521.33,0
8541,25,1,769.54,3
8542,131,1,1311.94,0
8545,9,2,2476.46,3
8546,166,2,3048.68,2
8547,199,1,269.49,1
8552,50,1,4360.83,0
8553,350,1,3504.67,0
8554,283,1,1425.75,0
8556,233,1,317.38,1
8557,350,1,425.09,1
8558,143,1,1949.77,0
8562,153,1,1920.3,0
8563,83,2,5281.4,2
8567,351,1,852.8,1
8572,10,1,2339.99,3
8573,69,2,1965.52,2
8574,330,1,1228.97,0
8575,252,1,1024.64,1
8577,308,1,1363.78,0
8583,99,1,725.88,1
8584,58,2,2063.11,2
8585,266,1,1133.7,1
8586,103,2,4753.72,2
8588,256,1,429.02,1
8589,132,1,222.62,1
8593,189,2,1393.39,2
8595,227,1,3399.54,0
8596,363,1,1619.06,0
8597,89,1,3589.02,0
8603,333,1,5573.31,0
8604,337,1,2045.2,0
8605,97,1,2349.79,0
8608,29,3,11392.83,2
8609,51,1,761.8,3
8610,193,1,206.4,1
8611,59,1,5016.35,0
8613,74,3,4117.28,2
8614,233,2,1475.46,2
8615,316,2,2043.3,2
8616,210,1,402.05,1
8617,327,1,633.84,1
8622,328,1,1243.98,0
8624,222,1,1983.42,0
8625,24,1,860.52,3
8628,119,2,1378.9,2
8629,160,2,4782.21,2
8630,33,1,321.92,3
8632,300,1,599.67,1
8633,217,1,228.21,1
8634,120,1,3000.21,0
8636,126,2,3314.53,2
8638,45,1,1292.67,3
8641,143,1,293.78,1
8642,319,1,1284.44,0
8644,245,2,3074.87,2
8646,25,1,3080.44,3
8648,66,1,3620.26,0
8650,118,1,1225.52,0
8651,167,2,6519.0599999999995,2
8653,200,3,3744.0,2
8654,340,1,247.18,1
8655,284,1,773.69,1
8659,319,1,1051.56,1
8660,245,1,303.18,1
8664,161,1,1122.73,1
8667,352,2,687.1899999999999,1
8668,107,2,1320.7,2
8670,106,1,192.56,1
8674,270,1,419.8,1
8677,268,1,2762.84,0
8679,19,2,3688.9,2
8681,94,1,2696.42,0
8682,73,2,5531.93,2
8684,127,1,1411.34,0
8685,155,1,1055.11,1
8686,228,2,3010.2799999999997,2
8688,190,1,700.49,1
8694,180,2,2245.58,2
8699,315,1,1432.62,0
8707,215,1,4850.2,0
8708,40,3,5309.18,2
8709,360,1,321.04,1
8710,190,1,551.11,1
8711,205,2,3403.38,2
8712,295,1,1549.83,0
8715,286,2,2696.56,2
8716,149,1,142.61,1
8722,356,1,720.51,1
8727,365,1,2650.26,0
8729,92,2,1410.47,2
8730,194,1,2972.55,0
8734,8,1,639.1,3
8735,78,1,1335.54,0
8736,282,1,2908.37,0
8737,62,2,4190.45,2
8738,29,1,2842.11,3
8740,70,1,521.32,1
8741,167,1,622.52,1
8744,265,1,5100.64,0
8745,308,1,1771.88,0
8749,15,1,2386.46,3
8750,19,3,4052.46,2
8751,363,1,961.12,1
8754,266,1,1185.87,0
8755,192,1,498.93,1
8756,265,1,1859.51,0
8761,50,1,509.3,1
8768,22,1,2304.68,3
8769,35,1,330.88,1
8771,82,1,496.95,1
8772,45,2,6876.8099999999995,2
8773,126,1,1260.34,0
8774,304,1,2742.25,0
8775,255,1,903.06,1
8776,106,1,2103.78,0
8779,153,2,4196.82,2
8781,68,2,3952.1299999999997,2
8782,273,1,1482.06,0
8784,320,1,3335.66,0
8785,44,1,1184.28,3
8791,25,1,618.21,3
8794,186,1,3869.36,0
8795,210,1,1354.32,0
8796,171,1,637.1,1
8800,103,1,609.54,1
8801,188,1,1935.4,0
8806,72,1,107.6,1
8808,197,1,6869.81,0
8811,245,2,1674.1,2
8815,357,1,2769.81,0
8817,62,2,2367.32,2
8818,222,2,1002.8199999999999,2
8823,22,2,4389.32,2
8824,222,1,2766.2,0
8826,106,1,2952.3,0
8829,90,1,185.95,1
8830,346,1,560.76,1
8833,293,1,501.55,1
8835,60,1,2062.68,0
8840,127,1,1323.14,0
8841,184,1,866.52,1
8842,314,1,940.44,1
8845,85,1,60.08,1
8846,49,3,2596.08,2
8848,29,1,5978.31,3
8850,116,1,2304.21,0
8851,31,2,7454.47,2
8852,339,1,1788.51,0
8854,281,1,1066.89,1
8855,320,1,665.74,1
8858,317,1,1202.04,0
8861,298,1,2485.73,0
8863,160,1,1434.13,0
8864,341,1,182.49,1
8866,60,1,1659.78,0
8872,149,1,886.42,1
8873,50,1,167.64,1
8875,245,1,696.68,1
8876,211,1,322.82,1
8878,290,1,3492.4,0
8879,260,1,942.82,1
8881,4,1,675.05,3
8883,27,1,566.58,3
8884,56,1,494.97,1
8885,188,1,1193.0,0
8894,19,1,590.08,3
8896,263,1,905.89,1
8898,208,1,5727.51,0
8899,116,1,1790.1,0
8903,94,1,2989.6,0
8904,113,2,2792.84,2
8909,280,1,2560.58,0
8911,41,2,3858.29,2
8912,126,1,2004.94,0
8914,276,1,1146.12,1
8915,305,1,1330.45,0
8916,209,1,639.85,1
8919,242,1,625.41,1
8922,187,1,2340.15,0
8923,77,1,2826.22,0
8924,316,1,1136.64,1
8925,314,1,1149.84,1
8926,213,1,2941.12,0
8928,31,2,4793.14,2
8929,362,1,943.18,1
8932,224,1,307.76,1
8933,327,1,1093.68,1
8935,203,1,2674.83,0
8936,302,1,1147.03,1
8937,175,2,1293.58,2
8939,11,1,518.71,3
8942,65,2,4586.04,2
8947,181,1,888.98,1
8949,275,1,755.68,1
8950,268,1,2974.88,0
8951,310,1,1593.76,0
8952,84,3,6278.0,2
8953,99,1,4176.52,0
8957,259,2,841.3499999999999,2
8958,330,1,2901.75,0
8960,294,1,483.83,1
8962,316,1,2714.78,0
8963,8,1,1862.95,3
8964,181,1,2891.28,0
8965,201,1,1756.46,0
8969,84,1,4089.69,0
8970,300,1,2046.6,0
8972,79,1,3598.59,0
8973,254,1,6154.85,0
8974,271,1,1826.78,0
8975,351,1,1198.22,0
8977,283,1,402.56,1
8978,88,2,3596.89,2
8981,62,1,5001.12,0
8982,114,1,1453.64,0
8987,69,1,1639.97,0
8988,75,1,2466.45,0
8990,309,1,789.99,1
8994,209,1,420.51,1
8996,183,1,244.1,1
8998,80,1,2053.95,0
9004,160,1,785.67,1
9006,44,1,712.8,3
9008,183,1,1832.87,0
9009,138,1,662.15,1
9010,71,1,1390.79,0
9011,3,1,458.42,3
9012,3,2,3502.39,3
9016,123,1,4004.72,0
9019,13,2,2258.74,3
9023,159,1,2171.64,0
9024,313,1,380.27,1
9026,104,1,989.5,1
9029,161,1,1693.13,0
9030,161,1,2074.84,0
9031,143,1,1945.27,0
9037,278,1,1083.01,1
9038,186,1,1415.85,0
9039,121,1,708.89,1
9041,133,1,1450.28,0
9046,7,1,1410.72,3
9050,281,2,3988.6499999999996,2
9056,65,1,287.88,1
9059,27,3,8081.46,2
9060,92,2,7606.759999999999,2
9062,178,2,2974.7200000000003,2
9064,247,1,6977.64,0
9067,149,1,316.04,1
9068,176,3,5875.67,2
9070,56,1,2482.94,0
9071,282,1,1099.88,1
9073,346,1,2071.44,0
9075,161,1,5987.76,0
9078,338,1,2797.35,0
9082,139,1,2771.28,0
9084,179,2,2106.41,2
9085,234,1,5586.68,0
9088,209,1,2131.62,0
9090,180,1,2195.8,0
9093,275,1,5346.25,0
9094,94,1,3043.33,0
9095,295,1,2188.56,0
9096,119,1,1079.43,1
9097,94,1,1253.28,0
9100,169,1,547.08,1
9101,118,2,1734.7,2
9103,275,1,6811.12,0
9104,156,1,2519.48,0
9108,72,1,2310.86,0
9109,174,1,1540.89,0
9110,155,1,86.36,1
9111,192,1,1658.09,0
9116,286,1,2593.2,0
9122,249,2,2888.73,2
9124,168,2,2110.72,2
9129,215,1,2223.39,0
9134,358,1,2071.94,0
9137,274,1,466.59,1
9138,92,1,768.37,1
9139,148,1,866.75,1
9141,196,1,721.74,1
9142,113,1,313.57,1
9148,346,1,3392.49,0
9149,131,1,555.1,1
9150,93,1,729.84,1
9151,40,2,1405.28,2
9154,304,1,2923.17,0
9155,109,1,1439.68,0
9157,178,1,368.5,1
9160,253,1,1896.5,0
9162,25,1,631.18,3
9164,228,1,438.48,1
9166,208,1,402.79,1
9167,129,1,67.71,1
9168,217,2,5639.1,2
9176,96,2,2078.06,2
9179,356,1,898.8,1
9180,328,1,1451.76,0
9183,269,1,1083.04,1
9185,306,2,2753.51,2
9187,240,1,5251.83,0
9188,98,2,5773.44,2
9192,172,1,938.58,1
9193,325,1,213.68,1
9195,11,1,1646.84,3
9197,88,4,4642.55,2
9200,282,1,394.1,1
9203,11,1,2455.95,3
9205,26,3,5402.23,2
9206,9,1,603.46,3
9208,91,1,1422.15,0
9211,38,2,2960.7299999999996,2
9214,323,1,657.21,1
9217,76,1,2963.13,0
9219,273,2,8014.389999999999,2
9223,29,1,1172.7,3
9224,253,1,1661.51,0
9225,134,2,6360.83,2
9227,184,1,179.16,1
9228,124,2,3879.87,2
9230,143,1,2038.72,0
9240,39,2,2506.96,2
9241,181,1,1199.8,0
9245,9,1,3844.34,3
9246,106,2,2775.1800000000003,2
9249,20,1,870.14,3
9250,266,1,376.18,1
9254,71,1,374.38,1
9257,274,1,2404.04,0
9259,169,1,3218.71,0
9260,115,2,3319.98,2
9263,109,1,3721.32,0
9264,267,2,3952.1899999999996,2
9266,107,1,4807.57,0
9267,85,2,586.41,2
9268,364,1,3693.19,0
9270,328,1,676.67,1
9271,22,3,3472.7200000000003,2
9272,230,1,1597.74,0
9274,197,2,7532.62,2
9275,12,1,2127.22,3
9276,152,2,2079.46,2
9277,295,1,1809.84,0
9278,278,1,6440.7,0
9279,85,1,780.74,1
9287,198,1,2827.8,0
9289,77,2,4367.049999999999,2
9291,305,1,273.41,1
9292,214,1,1079.43,1
9294,17,1,4750.29,3
9300,138,1,2165.7,0
9302,191,1,244.52,1
9303,24,1,857.92,3
9305,8,2,3571.08,3
9306,338,1,936.59,1
9307,269,1,1916.31,0
9308,105,3,4242.59,2
9313,4,1,3455.61,3
9314,75,1,764.6,1
9317,227,2,1801.12,2
9320,39,1,287.63,1
9321,145,3,2270.53,2
9323,1,2,2524.2200000000003,3
9327,117,1,1696.29,0
9328,18,1,3915.12,3
9330,102,2,2483.03,2
9331,95,1,2490.54,0
9336,80,4,6680.59,2
9337,91,2,3059.05,2
9338,156,1,261.72,1
9339,219,2,1615.92,2
9341,74,1,2259.86,0
9342,240,1,2012.56,0
9344,315,1,168.58,1
9345,94,2,2951.66,2
9346,237,2,1029.6599999999999,2
9348,114,3,6469.54,2
9350,64,1,498.91,1
9352,125,1,1125.18,1
9360,85,1,1559.58,0
9361,44,1,2416.35,3
9362,29,2,7034.96,2
9363,41,2,4971.89,2
9366,249,2,3780.27,2
9368,14,3,4764.46,2
9369,95,2,6135.46,2
9370,151,1,2268.9,0
9371,63,1,800.95,1
9374,289,1,1038.82,1
9375,56,1,574.1,1
9376,254,2,2177.17,2
9378,100,1,1948.89,0
9379,212,2,2624.3100000000004,2
9381,41,1,3459.44,3
9382,13,2,3535.42,3
9384,289,1,878.97,1
9385,147,4,2464.18,2
9388,338,1,828.62,1
9389,81,1,376.57,1
9390,276,1,854.8,1
9391,14,1,1076.59,3
9395,176,3,6916.88,2
9398,21,1,288.14,3
9399,278,1,6064.42,0
9408,48,1,3288.68,0
9411,46,1,1670.19,3
9412,8,2,4866.42,3
9416,187,1,1477.35,0
9419,142,1,6409.44,0
9420,181,1,2929.95,0
9422,2,2,3869.2799999999997,3
9425,168,1,1677.07,0
9429,190,1,1016.61,1
9431,27,2,4666.1,2
9432,17,1,439.86,3
9434,61,1,665.15,1
9435,159,2,2384.99,2
9442,4,1,267.3,3
9443,308,1,4035.76,0
9444,228,1,1818.38,0
9445,86,1,1950.75,0
9446,146,1,3802.13,0
9448,186,1,4905.51,0
9452,215,1,1204.42,0
9453,30,2,3981.11,2
9454,292,1,2253.24,0
9457,28,1,4352.02,3
9460,268,1,111.47,1
9462,35,1,1948.29,3
9466,191,1,1963.64,0
9470,47,1,1069.28,3
9473,97,1,1368.67,0
9475,305,1,813.36,1
9476,6,4,11059.96,2
9477,324,1,5295.12,0
9479,337,1,4980.2,0
9480,234,1,1621.56,0
9484,194,1,2522.52,0
9485,100,1,1389.75,0
9489,14,1,315.89,3
9491,14,1,1838.66,3
9494,223,1,7745.76,0
9496,74,2,1692.67,2
9497,48,1,2928.02,3
9498,83,2,2448.1800000000003,2
9504,252,1,1549.07,0
9505,29,1,2681.46,3
9507,126,2,6597.48,2
9509,88,2,6738.14,2
9512,279,1,396.98,1
9513,143,2,841.73,2
9514,38,1,1219.92,3
9520,80,1,1286.19,0
9521,39,1,745.72,3
9524,31,1,2873.3,3
9526,353,1,1724.65,0
9528,28,3,6753.44,2
9533,338,1,2653.75,0
9534,265,1,3751.99,0
9538,148,3,2571.34,2
9540,146,2,2398.3,2
9542,249,1,1758.43,0
9545,282,1,3289.61,0
9546,217,1,1567.78,0
9547,95,1,3163.97,0
9549,74,2,2978.63,2
9550,192,1,2025.96,0
9552,287,1,6294.28,0
9557,269,1,2650.56,0
9558,111,1,2885.61,0
9559,27,1,330.64,3
9566,299,1,209.07,1
9567,36,2,3318.52,2
9568,93,1,2140.22,0
9569,118,1,5326.77,0
9571,134,2,3456.59,2
9573,350,1,1042.86,1
9574,284,1,1026.04,1
9575,187,1,1119.65,1
9577,299,1,509.34,1
9578,252,2,2187.15,2
9584,161,1,2046.94,0
9587,80,1,2846.35,0
9589,114,1,1351.04,0
9592,259,1,2354.85,0
9595,360,1,753.28,1
9597,107,1,2360.92,0
9598,89,1,642.27,1
9599,5,2,3676.37,3
9600,9,1,3321.07,3
9602,259,1,115.49,1
9606,172,1,418.9,1
9608,11,1,582.94,3
9614,140,3,4422.33,2
9617,77,1,2634.8,0
9624,79,1,1558.96,0
9627,182,1,376.56,1
9629,91,3,5906.11,2
9630,33,2,1863.35,2
9631,331,1,879.68,1
9633,9,1,5328.79,3
9634,10,1,6060.36,3
9636,16,4,8408.52,2
9638,175,2,5225.09,2
9639,29,4,4585.86,2
9641,24,1,1077.84,3
9643,1,2,2144.73,3
9646,172,1,431.04,1
9648,145,1,599.94,1
9651,342,1,1572.21,0
9652,101,2,1690.88,2
9655,331,1,1073.14,1
9656,6,1,1691.63,3
9658,169,5,11532.05,2
9662,53,2,2792.1600000000003,2
9663,225,1,3129.52,0
9666,302,1,703.68,1
9668,198,1,4401.23,0
9670,334,2,1531.63,2
9677,228,1,1587.68,0
9680,189,1,1684.38,0
9681,52,2,643.62,2
9684,283,1,220.97,1
9685,205,2,3810.04,2
9691,132,1,885.92,1
9692,160,1,3474.48,0
9693,137,1,171.78,1
9695,115,1,798.58,1
9697,330,1,1631.68,0
9698,142,1,490.67,1
9699,354,1,668.82,1
9703,147,1,1500.01,0
9704,210,1,4339.03,0
9706,136,1,881.33,1
9707,78,1,5553.0,0
9711,8,1,104.4,3
9712,174,1,535.5,1
9713,314,1,1197.58,0
9718,78,1,2410.31,0
9719,52,2,1323.04,2
9723,203,1,5173.84,0
9726,178,2,6634.26,2
9727,346,1,2621.8,0
9728,331,1,205.35,1
9730,42,1,3181.75,3
9732,29,2,4610.57,2
9733,266,1,3555.88,0
9734,93,2,1942.9499999999998,2
9736,189,1,1095.18,1
9738,319,1,925.88,1
9739,292,1,1615.15,0
9741,74,1,542.19,1
9743,330,1,2288.69,0
9744,313,1,1927.76,0
9747,87,1,1253.28,0
9748,136,2,1867.56,2
9749,42,1,2052.83,3
9752,175,1,1334.88,0
9753,44,1,497.21,1
9754,174,1,3407.82,0
9755,94,2,1326.72,2
9757,291,1,81.54,1
9758,210,1,1100.76,1
9759,102,2,7465.32,2
9760,365,1,378.47,1
9761,61,1,346.2,1
9762,5,2,7499.860000000001,3
9763,217,1,346.78,1
9765,67,2,5383.120000000001,2
9766,161,1,1265.31,0
9768,174,1,1970.75,0
9770,217,1,1688.2,0
9771,9,1,5050.12,3
9772,73,1,1121.12,1
9777,272,1,6759.63,0
9780,34,1,3361.47,3
9781,15,1,1155.25,3
9782,359,1,1946.82,0
9784,96,1,2290.49,0
9785,115,1,5796.39,0
9789,91,1,451.66,1
9796,1,2,2825.51,3
9802,94,1,957.85,1
9805,316,1,1082.08,1
9807,147,2,1228.63,2
9809,360,1,213.74,1
9812,237,1,655.88,1
9815,95,1,626.42,1
9816,13,1,436.59,3
9817,10,2,5694.05,3
9818,153,1,5903.7,0
9821,307,1,1170.02,0
9822,22,1,1687.52,3
9824,343,1,3184.17,0
9825,189,2,3344.65,2
9830,272,1,260.1,1
9831,74,3,2157.76,2
9833,242,1,2724.86,0
9836,132,2,1398.98,2
9838,342,1,1458.73,0
9839,12,2,3991.05,3
9845,195,2,6979.08,2
9849,52,1,1295.74,3
9856,31,1,734.02,3
9857,350,1,2072.57,0
9859,275,3,4057.34,2
9860,266,2,5017.68,2
9861,90,2,1026.96,2
9862,107,2,7869.07,2
9863,4,2,3268.36,3
9865,341,1,713.19,1
9867,76,2,7683.61,2
9869,14,2,8202.76,2
9873,70,3,3978.3900000000003,2
9880,250,1,2133.2,0
9881,255,2,7184.4400000000005,2
9883,160,3,2216.86,2
9885,337,1,3008.2,0
9886,357,1,708.13,1
9887,36,1,526.18,3
9888,115,1,4366.62,0
9891,88,1,1808.79,0
9892,134,1,1252.28,0
9903,302,1,1368.84,0
9906,213,1,2658.15,0
9907,130,1,787.37,1
9909,120,1,2419.52,0
9910,328,1,613.1,1
9911,318,1,2633.7,0
9916,83,1,2948.28,0
9917,7,1,317.7,3
9919,267,1,202.41,1
9921,23,2,6298.85,2
9922,309,1,1975.84,0
9923,189,1,1348.96,0
9924,68,2,4163.6,2
9926,361,1,1483.68,0
9928,302,2,3254.47,2
9929,289,1,981.5,1
9930,126,1,3192.74,0
9931,36,2,6026.58,2
9932,19,2,4014.9900000000002,2
9939,331,1,1273.44,0
9940,237,2,4222.35,2
9947,94,1,1919.04,0
9948,245,2,2881.6,2
9950,300,2,3073.7799999999997,2
9951,100,1,937.36,1
9952,33,1,4054.2,3
9954,205,1,3849.4,0
9959,147,5,7052.049999999999,2
9961,335,1,1587.64,0
9962,36,1,1198.66,3
9963,239,2,3696.62,2
9965,73,2,1116.83,2
9976,304,1,3573.54,0
9977,118,1,879.36,1
9978,159,2,5745.68,2
9979,362,1,2429.94,0
9982,188,2,921.9200000000001,2
9983,1,2,5784.139999999999,3
9985,280,1,3656.85,0
9987,115,1,922.81,1
9990,11,2,10009.98,2
9992,51,2,4906.209999999999,2
9993,5,2,3413.7200000000003,3
9994,72,1,1038.24,1
9997,276,1,1583.0,0
9998,347,1,1295.58,0
